source,chunk_index,content
My Mental Health_ Do I Need Help_ - National Institute of Mental Health (NIMH).pdf,0,"The National Institute of Mental Health: https://www.nimh.nih.gov/health/publications/my-mental-health-do-i-need-help
My Mental Health: Do I Need Help?
En español
Take a moment to consider how your symptoms impact your daily life.
Have you had mild symptoms for less than 2 weeks?
Feeling sad, stressed, or worried but still able to care for yourself and others
Feeling tired or low energy but still able to complete your tasks and activities
Feeling less interested in things you typically enjoy
Having some trouble sleeping
These activities may help you feel better:
Regularly exercising, eating healthy, and getting 7–9 hours of sleep
Spending time with loved ones
Practicing meditation or breathing exercises
Making time for low-stress activities you enjoy
Volunteering to help others
If these activities do not help or symptoms worsen, talk to a health care provider.
Have you had severe symptoms for 2 weeks or more?
Feeling sad, tearful, or hopeless
Feeling irritable or frustrated
Feeling worthless or guilty
Feeling tired or low energy
Losing interest in things you typically enjoy
Difficulty concentrating or making simple decisions
Trouble completing your tasks and activities
Changes in appetite, weight, sleep, or sex drive
Seek professional help.
There are ways to help you feel better. Common treatment options include therapy and medication. Learn more about getting help.
If you are having thoughts of suicide or urges to hurt yourself, get immediate help.
Call or text the 988 Suicide and Crisis Lifeline  at 988 or chat at 988lifeline.org. The Lifelineprovides 24-hour, confidential support. Call 911 in
life-threatening situations.
U.S. Department of Health and Human Services
National Institutes of Health
National Institute of Mental Health
Revised 2025
Remove from Print
07/09/2025, 22:20 My Mental Health: Do I Need Help? - National Institute of Mental Health (NIMH)
https://www.nimh.nih.gov/health/publications/my-mental-health-do-i-need-help 1/2
Share the Infographic on Social Media
My Mental Health: Do I Need Help?
Disponible en español
Do you need help with your mental health? If you don't know where to start, this infographic may help guide
you. https://go.usa.gov/xGfxz  #shareNIMH
COPY POST TO CLIPBOARD
Find more resources to share on social media.
Reprints
The information in this publication is in the public domain and may be reused or copied without permission. However, you may not reuse or copy
images. Please cite the National Institute of Mental Health as the source. Read our copyright policy to learn more about our guidelines for reusing
NIMH content.
07/09/2025, 22:20 My Mental Health: Do I Need Help? - National Institute of Mental Health (NIMH)
https://www.nimh.nih.gov/health/publications/my-mental-health-do-i-need-help 2/2"
children-and-mental-health.pdf,0,"What mental disorders can affect children?
Many mental disorders can begin in childhood. Examples 
include anxiety disorders, attention-deficit/hyperactivity 
disorder (ADHD), depression and other mood disorders, 
eating disorders, and post-traumatic stress disorder (PTSD). 
Early treatment can help children manage their symptoms 
and support their social and emotional well-being. Many 
adults reflect on how mental disorders affected their 
childhood and wish they had received help sooner.  
What are the signs of mental health conditions in children?  
Distinguishing between challenging behaviors and emotions that are a part of normal development and those that may be 
cause for concern can be hard. Consider seeking help if your child’s behavior or emotions last for weeks or longer, cause 
distress for your child or your family, or interfere with your child’s functioning at school, at home, or with friends. If your 
child’s behavior is unsafe, or if your child talks about wanting to hurt themselves or someone else, seek help immediately.  
Learn more about warning signs at www.nimh.nih.gov/children.   
When might children benefit from an evaluation?
Get immediate help 
If you, your child, or someone you know is struggling or having thoughts of suicide, call or text the 988 Suicide & Crisis 
Lifeline at 988 or chat at 988lifeline.org. In life-threatening situations, call 911 .
Children and 
Mental Health:  
Is This Just a Stage?
From the NATIONAL INSTITUTE of  MENTAL HEALTH 
All children are sad, anxious, irritable, or aggressive at times, and many find it occasionally challenging 
to sit still, pay attention, or interact with others. In most cases, these are just typical developmental 
phases. However, such behaviors may also indicate a more serious problem in some children. 
Younger children 
● Have frequent tantrums or are irritable much of the time 
● Often seem fearful or worried 
● Complain about frequent stomachaches or headaches 
with no known medical cause 
● Are in constant motion and cannot sit quietly (except 
when they are engaged in an activity they enjoy, such 
as watching videos or playing video games) 
● Sleep too much or too little, have frequent nightmares, 
or seem sleepy during the day 
● Are not interested in playing with other children or have 
difficulty making friends 
● Struggle academically or have experienced a recent 
decline in grades 
● Repeat actions or check things many times (for 
example, repeatedly checking to make sure a door is 
locked) out of fear that something bad may happen
Older children
● Have lost interest in things that they used to enjoy 
● Have low energy 
● Sleep too much or too little or seem sleepy throughout 
the day 
● Have periods of highly elevated energy and activity 
and require much less sleep than usual 
● Spend more and more time alone and avoid social 
activities with friends or family 
● Diet or exercise excessively or fear gaining weight 
● Engage in self-harm behaviors (such as cutting or 
burning their skin) 
● Smoke, drink, or use drugs 
● Engage in risky or destructive behavior alone or with 
friends 
● Have thoughts of suicide 
● Say that they think someone is trying to control their mind 
or that they hear things that other people cannot hear 
 -
Where should I start if I’m concerned about my child’s mental health?
Being proactive and aware of your child’s mental health is an important first step.  
If you have concerns about your child’s mental health, start by talking with others who 
frequently interact with your child. For example, ask their teacher about your child’s 
behavior in school, at daycare, or on the playground. 
You can talk with your child’s pediatrician or health care provider and describe your 
child’s behavior and what you have observed and learned from talking with others. You 
can also ask the health care provider for a referral to a mental health professional with 
experience and expertise in evaluating and treating children. Get information about 
finding a health care provider or accessing treatment at www.nimh.nih.gov/findhelp . 
How is children’s mental health assessed? 
An evaluation by a mental health professional can help 
understand and clarify your child’s emotions, behavior, and 
current situation. Based on this information, the mental 
health professional can decide if your child would benefit 
from an intervention and what intervention might work best. 
A comprehensive evaluation of a child’s mental health 
usually involves: 
● A parent interview to discuss the child’s developmental 
history, temperament, relationships with friends and 
family, medical history, interests, abilities, and any  
prior treatment
● Information gathering from the child’s school, such as 
standardized test scores and reports on behavior, 
capabilities, and difficulties 
● If needed, an interview with the child for testing and 
behavioral observations
Asking questions and providing information to your child’s 
health care provider can improve your child’s care. Talking 
with the health care provider builds trust and leads to better 
results, quality, safety, and satisfaction with care. 
Here are some questions you can ask when meeting with 
prospective treatment providers. 
● Do you use treatment approaches that are supported 
by research? 
● Do you involve parents in the treatment? If so, how are 
parents involved? 
● Will there be “homework” between sessions? 
● How will progress be evaluated? 
● How soon can we expect to see progress? 
● How long should treatment last?
For more ideas on how to start a conversation with your child’s 
health care provider, visit www.nimh.nih.gov/talkingtips . 
How are childhood mental health disorders treated? 
The mental health professional will review the evaluation results 
to help determine if a child’s emotions and behavior are related 
to changes or stresses at home or school or if they may 
indicate a disorder for which they would recommend treatment. 
There are several treatment options the mental health 
professional may recommend. 
● Psychotherapy (sometimes called talk therapy), which 
includes many different approaches such as structured 
psychotherapies directed at specific conditions. For  
more information about types of psychotherapies, visit 
www.nimh.nih.gov/psychotherapies. Effective 
psychotherapy for children often incorporates: 
 ■ Parent involvement in the treatment 
 ■ Teaching the child skills to practice at home or school 
(between-session “homework assignments”) 
 ■ Measures of progress (such as rating scales and 
improvements on “homework assignments”) that are 
tracked over time
 ● Medications, which will depend on the diagnosis 
and may include antidepressants, stimulants, mood 
stabilizers, or other medications. For information on 
specific classes of medications, visit www.nimh.nih.gov/
medications. Medications are often used in combination 
with psychotherapy. If multiple health care providers or 
specialists are involved, treatment information should be 
shared and coordinated between providers to achieve the 
best results. 
● Family counseling, which includes family members to 
help them understand how a child’s challenges may affect 
relationships with parents and siblings.
● Support for parents, such as individual or group sessions 
that include training and the opportunity to talk with  
other parents. Parental support can provide new 
strategies for helping a child manage difficult emotions 
and behavior in a positive way. The therapist can also 
coach parents on how to work with schools to receive 
classroom accommodations. 
For information about treatment options for specific disorders, 
visit the NIMH website at www.nimh.nih.gov/health ."
children-and-mental-health.pdf,1,"More information and resources 
Information on specific disorders is available on the NIMH website ( www.nimh.nih.gov/health).  
Note: This resource list is provided for informational purposes only. It is not comprehensive and does not constitute an 
endorsement by NIMH.
The following organizations and agencies have information  
on symptoms, treatments, and support for childhood mental 
disorders. Some offer guidance for working with schools and 
finding mental health professionals. Participating in support 
groups can provide an avenue for connecting with other 
parents dealing with similar issues. 
 ● American Academy of Child and Adolescent Psychiatry, 
Families and Youth (www.aacap.org/AACAP/Families_
Youth/AACAP/Families_and_Youth/Home.aspx)
 ● Anxiety and Depression Association of America 
(https://adaa.org)
 ● Association for Behavioral and Cognitive Therapies 
(www.abct.org) 
 ● Centers for Disease Control and Prevention, Children’s 
Mental Health (www.cdc.gov/childrensmentalhealth) 
 ● Child Mind Institute ( https://childmind.org/topics-a-z) 
 ● Mental Health America ( www.mhanational.org) 
 ● National Alliance on Mental Illness ( www.nami.org) 
 ● National Federation of Families ( www.ffcmh.org) 
 ● Society of Clinical Child and Adolescent Psychology, 
Effective Child Therapy ( https://effectivechildtherapy.org) 
 ● StopBullying.gov (www.stopbullying.gov )
How can the school support my child’s 
mental health?
Children who have behavioral or emotional challenges that 
interfere with success in school may benefit from plans or 
accommodations provided under laws that prevent 
discrimination against children with disabilities. Your  
child’s health care providers can help you communicate 
with the school. 
A first step may be to ask the school whether accommodations 
such as an individualized education program (IEP) are 
appropriate for your child. Accommodations might include 
providing a child with a tape recorder for taking notes, 
allowing more time for tests, or adjusting seating in the 
classroom to reduce distraction. 
The U.S. Department of Education offers information and 
resources on what schools can and, in some cases, must 
provide for children who would benefit from 
accommodations and how parents can request evaluation 
and services for their child. 
● The Individuals with Disabilities Education Act  
(https://sites.ed.gov/idea) consolidates information about 
how states and public agencies provide early intervention, 
special education, and related services for infants, 
toddlers, children, and youth with disabilities. 
● The Office for Civil Rights ( www.ed.gov/OCR) provides 
information on federal laws that prohibit discrimination 
based on disability in public programs, such as schools. 
● The Center for Parent Information and Resources 
(www.parentcenterhub.org/find-your-center ) lists Parent 
Training and Information Centers and Community Parent 
Resource Centers in each state. 
Many organizations listed in the “More information and 
resources” section also offer information on working with 
schools and more general information on disorders 
affecting children."
children-and-mental-health.pdf,2,"For more information
Learn more at www.nimh.nih.gov/
health. For information about various 
health topics, visit the National Library 
of Medicine’s MedlinePlus resource at 
https://medlineplus.gov.
Reprints
The information in this publication is in 
the public domain and may be reused or 
copied without permission. However, you 
may not reuse or copy images. Please cite 
the National Institute of Mental Health as a 
source. Read our copyright policy to learn 
more about our guidelines for reusing NIMH 
content at www.nimh.nih.gov/copyright.
National Institute of Mental Health  
Office of Science Policy, Planning, 
and Communications 
6001 Executive Boulevard, MSC 9663 
Bethesda, MD 20892-9663 
Phone: 1-866-615-6464  
Email: nimhinfo@nih.gov  
Website: www.nimh.nih.gov
National Institute
of Mental Health
NIH Publication No. 24-MH-8085 
Revised 2024
What research is being done on 
disorders affecting children? 
NIMH conducts and supports research to help find new 
and improved ways to diagnose and treat mental disorders 
that occur in childhood. This research includes studies 
of risk factors—including genetics, experience, and the 
environment—which may provide clues to how these 
disorders develop and how to identify them early. 
NIMH also supports efforts to develop and test new 
interventions, including behavioral, psychotherapeutic,  
and medication treatments, and ways to improve existing 
treatments and make them more available in communities, 
doctor’s offices, and schools. Researchers are also 
exploring whether the benefits of treatment in childhood 
last into adolescence and adulthood. 
What are clinical trials and why 
are they important? 
Children are not little adults, yet they are often given 
medications and treatments that have been tested only in 
adults. Research shows that, compared to adults, children 
respond differently to medications and treatments, both 
physically and mentally. The way to get the best treatments 
for children is through research designed specifically for 
them. 
Clinical trials are research studies that look at ways to prevent, 
detect, or treat diseases and conditions. These studies help 
show whether a treatment is safe and effective in people. 
Some people join clinical trials to help doctors and researchers 
learn more about a disease and improve health care. Other 
people, such as those with health conditions, join to try 
treatments that aren’t widely available. 
NIMH supports clinical trials across the United States.  
Talk to a health care provider about clinical trials and 
whether one is right for your child. For more information, 
visit www.nimh.nih.gov/clinicaltrials. 
Follow us on  
social media @NIMHgov"
clinical-research-trials-you-questions-answers.pdf,0,"Clinical Research Trials and You:  
Questions and Answers
From the NATIONAL INSTITUTE of  MENTAL HEALTH 
What is a clinical trial?
A clinical trial is a research study that 
involves people like you. 
Researchers conduct clinical trials to 
find new or better ways to prevent, 
detect, or treat health conditions. 
Often, researchers want to find out if a new test, 
treatment, or preventive measure is safe and 
effective. Tests can include ways to screen for, 
diagnose, or prevent a disease or condition. 
Treatments and preventive measures can include 
medications, surgeries, medical devices, and 
behavioral therapies. 
Clinical trials are important because they serve as 
the foundation for most medical advances. Without 
clinical trials, many of the medical treatments and 
cures we have today wouldn’t exist. 
Why should I volunteer  
for a clinical trial?
People volunteer for clinical trials for 
many reasons. Some want to advance 
science or help doctors and researchers 
learn more about disease and 
improve health care. Others, such as 
those with an illness, may join to try new or 
advanced treatments that aren’t widely available. 
Whatever your reason for joining a clinical trial, 
researchers generally need two types of 
volunteers: those without specific illnesses or 
conditions and those with them.
A healthy volunteer is someone in a clinical trial 
with no known related health problems. Researchers 
need healthy volunteers to establish a healthy or 
optimal reference point. They use data from healthy 
volunteers to test new treatments or interventions, 
not to provide direct benefit to participants. 
A patient volunteer is 
someone in a clinical trial 
who has the condition 
being studied. 
Researchers need patient 
volunteers to learn if new 
tests, treatments, or 
preventive measures are 
safe and effective. Not all 
trial participants will 
receive experimental 
medications or 
treatments; sometimes, 
participants may receive a 
placebo. Researchers need to vary medications 
and treatments so they can compare results and 
learn from their differences. 
W
hile a study’s treatment or findings may help 
patients directly, sometimes participants will 
receive no direct benefit. However, in many 
cases, study results can still serve as building 
blocks that are used to help people later.
What would I experience  
during a clinical trial? 
During a clinical trial, the study team will track 
your health. Participating in a 
clinical trial may take more time 
than standard treatment, and you 
may have more tests and 
treatments than you would if you weren’t in a 
clinical trial. The study team also may ask you to 
keep a log of symptoms or other health 
measures, fill out forms about how you feel, or 
complete other tasks. You may need to travel or 
reside away from home to take part in a study."
clinical-research-trials-you-questions-answers.pdf,1,"What are the risks and benefits of 
my participation in a clinical trial? 
Clinical trials can provide many 
benefits to participants and society. 
However, before volunteering for a 
clinical trial, you should talk with your 
health care provider and the study team about 
the risks and benefits.
Potential Risks
When weighing the risks of volunteering, you 
should consider:
● The likelihood of any harm occurring 
● How much harm could result from your 
participation in the study 
Researchers try to limit patient discomfort during 
clinical trials. However, in some cases, volunteers 
have complications that require medical attention. 
In rare cases, volunteers have died when 
participating in clinical trials. 
Potential Benefits
The benefits of volunteering can include:
● Treatment with study medications that may not 
be available elsewhere
● Care from health care professionals who  
are familiar with the most advanced  
treatments available 
● The opportunity to learn more about an illness 
and how to manage it 
● Playing an active role in your health care 
● Helping others by contributing to  
medical research 
Where can I find a mental  
health clinical trial?  
The National Institute of Mental 
Health (NIMH) is the lead federal 
agency for research on mental 
disorders. While NIMH supports 
research around the world, it also conducts 
many clinical trials at the National Institutes of 
Health (NIH) campus in Bethesda, Maryland. 
To learn more about NIMH studies conducted 
on the NIH campus, visit www.nimh.nih.gov/
joinastudy. These studies enroll volunteers 
from the local area and across the nation. In 
some cases, participants receive free study-
related evaluations, treatment, and 
transportation to NIH. 
To learn more about NIMH-funded clinical 
trials at universities, medical centers, and 
other institutions, visit www.nimh.nih.gov/
clinicaltrials.
What is the next step after  
I find a clinical trial? 
To learn more about a specific 
clinical trial, contact the study 
coordinator. You can usually find 
this contact information in the 
trial’s description. 
If you decide to join a clinical trial, let your 
health care provider know. They may want to 
talk to the study team to coordinate your care 
and ensure the trial is safe for you. For more 
tips on talking with a health care provider, visit  
www.nimh.nih.gov/talkingtips."
clinical-research-trials-you-questions-answers.pdf,2,"How do I know if I can 
join a clinical trial? 
People of all ages, ethnicities, and 
racial backgrounds can volunteer 
for clinical trials. If you want to join 
a clinical trial, you must be eligible 
to participate in that specific trial. Your 
eligibility can usually be determined by phone 
or online screening. 
All clinical trials have eligibility guidelines 
called inclusion and exclusion criteria. These 
criteria may include: 
● Age
● The type and stage of an illness
● Treatment history
● Other medical conditions
Res
earchers use these guidelines to find 
suitable study participants, maximize 
participant safety, and ensure trial data  
are accurate.
How is my safety protected if I choose to take part in a clinical trial?
Strict rules and laws help protect 
participants in research studies, and 
the study team must follow these rules 
to conduct research. Below are some 
measures that can help ensure your safety. 
Ethical Guidelines 
Ethical guidelines protect volunteers and ensure 
a study’s scientific integrity. Regulators created 
these guidelines primarily in response to past 
research errors and misconduct. Federal policies 
and regulations require that researchers conducting 
clinical trials obey these ethical guidelines. 
Informed Consent
Before joining a trial, you should understand what 
your participation will involve. The study team will 
provide an informed consent document with detailed 
information about the study. The document will 
include details about the length of the trial, required 
visits, medications, and medical procedures. It will 
also explain the expected outcomes, potential 
benefits, possible risks, and other trial details. 
The study team will review the informed consent 
document with you and answer any questions 
you have. You can decide then or later if you want 
to take part in the trial. 
If you choose to join the trial, you will be asked to 
sign the informed consent document. This 
document is not a contract; it verifies you 
understand the study and describes what your 
participation will include and how your data will 
be used. Your consent in a clinical trial is ongoing 
and your participation is voluntary. You may stop 
participating at any time. 
Institutional Review Board Review 
Institutional review boards (IRBs) review and 
monitor most clinical trials in the United States. 
An IRB works to protect the rights, welfare, and 
privacy of human subjects. An IRB usually includes a 
team of independent doctors, scientists, and 
community members. The IRB’s job is to review 
potential studies, weigh the risks and benefits of 
studies, and ensure that studies are safe and ethical. 
If you’re thinking about volunteering for a clinical 
trial, ask if an IRB reviewed the trial."
clinical-research-trials-you-questions-answers.pdf,3,"What kinds of questions should I ask 
the study team before deciding if I 
want to take part in a clinical trial? 
It can be helpful to write down any 
questions or concerns you have. When 
you speak with the study team, you 
may want to take notes or ask to 
record the conversation. Bringing a supportive 
friend or family member may also be helpful.
The following topics may give you some ideas for 
questions to ask: 
● The study’s purpose and duration
● The possible risks and benefits
● Your participation and care 
● Personal and cost concerns 
For a list of specific questions, check out 
Questions to Ask About Volunteering for a 
Research Study from the U.S. Department of 
Health and Human Services’ Office for Human 
Research Protections at www.hhs.gov/about-
research-participation.
What happens when  
a clinical trial ends?
When a clinical trial ends, researchers 
will analyze the data to help them 
determine the results. After reviewing 
the findings, researchers often 
submit them to scientific journals for others to 
review and build on.
Before your participation ends, the study team 
should tell you if and how you’ll receive the 
results. If this process is unclear, be sure to ask 
about it.
Where can I find  
more information?
This fact sheet covers the basics of 
clinical trials. You can find more  
details and resources at  
www.nimh.nih.gov/clinicaltrials. 
NIH Publication No. 23-MH-4379 
Revised 2023
Follow NIMH on  
Social Media @NIMHgov"
Panic Disorder_ What You Need to Know - National Institute of Mental Health (NIMH).pdf,0,"The National Institute of Mental Health: https://www.nimh.nih.gov/health/publications/panic-disorder-when-fear-overwhelms
Panic Disorder: What You Need to Know
En español
What is panic disorder?
People with panic disorder have frequent and unexpected panic attacks. These attacks are characterized by a sudden wave of fear or discomfort
or a sense of losing control even when there is no clear danger or trigger. Not everyone who experiences a panic attack will develop panic
disorder.
Panic attacks often include physical symptoms that might feel like a heart attack, such as trembling or tingling in the body or a rapid heart rate.
Panic attacks can occur at any time, sometimes even during sleep. Many people with panic disorder worry about the possibility of having another
attack and may significantly change their lives to avoid having another attack. Panic attacks can occur as frequently as several times a day or as
rarely as a few times a year.
Panic disorder often begins in the late teens or early adulthood. Women are more likely than men to develop panic disorder. With the right
treatment and support, people with panic disorder can manage their symptoms and improve their quality of life.
What are the signs and symptoms of panic disorder?
People with panic disorder may have:
Sudden and repeated panic attacks of overwhelming anxiety and fear
A feeling of being out of control
A fear of death or impending doom during a panic attack
An intense worry about when the next panic attack will happen
A fear or avoidance of places where panic attacks have occurred in the past
Physical symptoms during a panic attack may include:
Pounding or racing heart
Sweating
Chills
Trembling
Difficulty breathing
Weakness or dizziness
Tingly or numb hands
Chest pain
Stomach pain or nausea
A panic attack can last from a few minutes to an hour or sometimes longer. While these feelings can be distressing, panic attacks themselves are
not life-threatening, and the physical symptoms usually resolve with time. However, for some, the fear of future attacks may lead to ongoing
anxiety.
What is the difference between a panic attack and panic disorder?
A panic attack is a one-time or occasional episode of intense fear with physical and emotional symptoms. An isolated panic attack is not a
mental disorder.
07/09/2025, 22:20 Panic Disorder: What You Need to Know - National Institute of Mental Health (NIMH)
https://www.nimh.nih.gov/health/publications/panic-disorder-when-fear-overwhelms 1/4
Panic disorder may be diagnosed when a person experiences recurrent and unexpected panic attacks, along with ongoing worry or
behavioral changes due to the fear of future attacks, often interfering with daily life.
What causes panic disorder?
Panic disorder sometimes runs in families, but no one knows for sure why some family members have it while others don’t. Researchers have
found that several parts of the brain and certain biological processes may play a crucial role in fear and anxiety. Some researchers think panic
attacks are like “false alarms,” where our body’s typical survival instincts are active either too often or too strongly, or some combination of the
two. For example, someone with panic disorder might feel their heart pounding and assume they’re having a heart attack. This may lead to a
vicious cycle, causing a person to experience panic attacks seemingly out of the blue, the central feature of panic disorder. In addition,
researchers are looking at the ways stress and environmental factors play a role in the disorder.
How is panic disorder diagnosed?
To be diagnosed with panic disorder, a person must experience recurrent, unexpected panic attacks. They must also spend at least 1 month
worrying about having more panic attacks, feeling scared about what the attacks mean, or changing their behavior to try to avoid future attacks.
If you think you’re experiencing symptoms of panic disorder, talk to a health care provider, such as a primary care doctor, psychiatrist,
psychologist, or clinical social worker. During the visit, the provider may ask when your symptoms began, how long they have lasted, how often
they occur, and their impact on your life. After discussing your history, the provider may conduct a physical exam to ensure that an unrelated
physical problem is not causing your symptoms.
What other illnesses can co-occur with panic disorder?
Some people with panic disorder have other mental and physical health disorders or conditions, including depression, other anxiety disorders,
post-traumatic stress disorder, obsessive-compulsive disorder, bipolar disorder, cardiovascular disease, respiratory disorders, irritable bowel
syndrome, or thyroid problems. Panic disorder is also commonly associated with alcohol and substance misuse.
Agoraphobia can sometimes develop as a co-occurring condition of panic disorder. People with agoraphobia have an intense fear or anxiety of
certain places or situations where escape or obtaining help might be difficult or unavailable if they were to experience a panic attack or panic-like
symptoms. Learn more about agoraphobia.
The presence of multiple disorders can make treatment more complex, and people with panic disorder and co-occurring mental disorders may
benefit from a comprehensive treatment plan that addresses all aspects of their mental health.
How is panic disorder treated?
Treatment for panic disorder typically involves psychotherapy, medication, or both. Choosing the right treatment plan is based on a person’s
needs, preferences, and medical situation, as well as consultation with a mental health professional or a health care provider. Finding the best
treatment may take trial and error, and both psychotherapy and medication can take some time to work.
Psychotherapy
Psychotherapy (also called talk therapy or counseling) can be effective when delivered in person or virtually via telehealth. A provider may
support or supplement therapy using digital or mobile technology, like apps or other tools. Different therapies work for different types of people.
Cognitive behavioral therapy (CBT), a research-supported type of psychotherapy, is commonly used to treat panic disorder. CBT teaches a person
different ways of thinking, behaving, and reacting to the feelings that happen during or before a panic attack. The attacks can become less
frequent once a person learns to react differently to the physical sensations of anxiety and fear during a panic attack. CBT has been well studied
and is the “gold standard” choice for psychotherapy.
07/09/2025, 22:20 Panic Disorder: What You Need to Know - National Institute of Mental Health (NIMH)
https://www.nimh.nih.gov/health/publications/panic-disorder-when-fear-overwhelms 2/4
Exposure therapy is a common CBT method that focuses on confronting the fears and beliefs associated with panic disorder symptoms to help a
person engage in activities they have been avoiding. Interoceptive exposure is a CBT technique that involves exposure to bodily sensations
associated with panic attacks and panic disorder symptoms. Exposure therapy may be used along with relaxation exercises and breathing
training techniques.
Learn more about psychotherapy.
Medication
Health care providers may prescribe medication to treat panic disorder. Different types of medication can be effective, including:
Antidepressants, such as selective serotonin reuptake inhibitors (SSRIs) and serotonin-norepinephrine reuptake inhibitors (SNRIs)
Beta-blockers
Anti-anxiety medications, such as benzodiazepines
SSRI and SNRI antidepressants are commonly used to treat depression, but they also can help treat the symptoms of panic disorder. They may
take several weeks to start working. These medications also may cause side effects, such as headaches, nausea, or difficulty sleeping. These side
effects are usually not severe, especially if the dose starts off low and is increased slowly over time.
Beta-blockers can help control some of the physical symptoms of panic disorder, such as rapid heart rate, sweating, and tremors. Although
health care providers do not commonly prescribe beta-blockers for panic disorder, the medication may be helpful in certain situations that
precede a panic attack.
Benzodiazepines, which are anti-anxiety sedative medications, can be very effective in rapidly decreasing panic attack symptoms. However, some
people build up a tolerance to these medications and need increasingly higher and higher doses to get the same effect. Some people even
become dependent on them. Therefore, a health care provider may prescribe them only for brief periods of time.
Learn more about mental health medications. Read the most up-to-date information on medications, side effects, and warnings on the U.S. Food
and Drug Administration (FDA) website .
Healthy habits
Practicing a healthy lifestyle can also help combat panic disorder, although this alone cannot replace treatment. Make sure to get enough sleep
and exercise, eat a healthy diet, and turn to family and friends you trust for support. Learn more ways to take care of your mental health.
How can I support myself or a loved one with panic disorder?
Educate yourself
A good way to help yourself or a loved one who may be struggling with panic attacks or panic disorder is to seek information. Research the signs
and symptoms, learn about treatment options, and keep up to date with current research.
Communicate                               
If you are experiencing panic disorder symptoms, have an honest conversation about how you’re feeling with someone you trust. If you think a
friend or family member may be struggling with panic disorder, set aside a time to talk with them to express your concern and reassure them of
your support.
Know when to seek help
If your anxiety, or the anxiety of a loved one, starts to cause problems in everyday life—such as at school, at work, or with friends and family—it’s
time to seek professional help.
Practice compassion
Be kind and patient with yourself and others. Acknowledge progress, no matter how small, and recognize that managing panic attacks or panic
disorder may involve setbacks along the way.
07/09/2025, 22:20 Panic Disorder: What You Need to Know - National Institute of Mental Health (NIMH)
https://www.nimh.nih.gov/health/publications/panic-disorder-when-fear-overwhelms 3/4
How can I find help?
If you have concerns about your mental health, talk to a primary care provider. They can refer you to a qualified mental health professional, such
as a psychologist, psychiatrist, or clinical social worker, who can help you figure out the next steps. Find  tips for talking with a health care
provider about your mental health.
You can learn more about getting help on the NIMH website. You can also learn about finding support  and locating mental health services  in
your area on the Substance Abuse and Mental Health Services Administration (SAMHSA) website.
If you or someone you know is struggling or having thoughts of suicide, call or text the 988 Suicide & Crisis Lifeline  at 988 or chat at
988lifeline.org . In life-threatening situations, call 911.
What are clinical trials and why are they important?
Clinical trials are research studies that look at ways to prevent, detect, or treat diseases and conditions. These studies help show whether a
treatment is safe and effective in people. Some people join clinical trials to help doctors and researchers learn more about a disease and improve
health care. Other people, such as those with health conditions, join to try treatments that aren’t widely available.
NIMH supports clinical trials across the United States. Talk to a health care provider about clinical trials and whether one is right for you. Learn
more about participating in clinical trials.
For more information
The information in this publication is in the public domain and may be reused or copied without permission. However, you may not reuse or copy
images. Please cite the National Institute of Mental Health as the source. Read our copyright policy to learn more about our guidelines for reusing
NIMH content.
Reprints
The information in this publication is in the public domain and may be reused or copied without permission. However, you may not reuse or copy
images. Please cite the National Institute of Mental Health as the source. Read our copyright policy to learn more about our guidelines for reusing
NIMH content.
U.S. Department of Health and Human Services
National Institutes of Health
Revised 2025
07/09/2025, 22:20 Panic Disorder: What You Need to Know - National Institute of Mental Health (NIMH)
https://www.nimh.nih.gov/health/publications/panic-disorder-when-fear-overwhelms 4/4"
Phobias and Phobia-Related Disorders - National Institute of Mental Health (NIMH).pdf,0,"The National Institute of Mental Health: https://www.nimh.nih.gov/health/publications/phobias-and-phobia-related-disorders
Phobias and Phobia-Related Disorders
What is a phobia?
A phobia is an intense fear of—or aversion to—a specific object or situation. While anxiety is natural under some circumstances, people with
phobias feel fear that is out of proportion to the actual danger presented by the situation or object.
People with a phobia may:
Have an irrational or excessive worry about encountering the feared object or situation
Take active steps to avoid the feared object or situation
Experience immediate, intense anxiety upon encountering the feared object or situation
Endure unavoidable objects and situations with intense anxiety
There are several types of phobias and phobia-related disorders:
Specific phobias(sometimes called simple phobias): As the name suggests, people who have a specific phobia have an intense fear of, or feel
intense anxiety about, specific types of objects or situations. Some common examples of specific phobias include the fear of flying, fear of
heights, fear of specific animals (such as spiders, dogs, or snakes), fear of receiving injections, and fear of blood.
Agoraphobia: People with agoraphobia have an intense fear of two or more of the following situations:
Using public transportation
Being in open spaces
Being in enclosed spaces
Standing in line or being in a crowd
Being outside of the home alone
People with agoraphobia often avoid these situations because they think being able to leave might be difficult or impossible in the event they
have panic-like reactions or other embarrassing symptoms. In the most severe form of agoraphobia, an individual can become housebound.
Social anxiety disorder(previously called social phobia)is an intense, persistent fear of being watched and judged by others. To learn more,
visit NIMH’s page on social anxiety disorder.
What causes phobia-related disorders?
Research shows that genetic and environmental factors play a role in developing a specific phobia. Some risk factors include:
Exposure to a traumatic event involving a specific object or situation
Feeling distressed or nervous in new situations in childhood
A history of anxiety or other mental disorders in biological relatives
How are phobia-related disorders treated?
Psychotherapy is the primary treatment approach for phobias. Medications may help treat phobia symptoms in specific circumstances.
Psychotherapy
Cognitive behavioral therapy
Cognitive behavioral therapy (CBT) is a well-established and effective treatment for anxiety disorders such as phobias. It teaches different ways of
thinking, behaving, and reacting to situations to help reduce anxiety and fear.
Remove from Print
07/09/2025, 22:21 Phobias and Phobia-Related Disorders - National Institute of Mental Health (NIMH)
https://www.nimh.nih.gov/health/publications/phobias-and-phobia-related-disorders 1/3
Exposure therapy is a CBT method that is particularly effective for treating phobias. Exposure therapy focuses on confronting the fears
underlying a phobia to help people engage in activities and situations they have been avoiding. Exposure therapy may be paired with relaxation
exercises.
Acceptance and commitment therapy
Another treatment option for some anxiety disorders, including phobias, is acceptance and commitment therapy (ACT). ACT uses strategies like
mindfulness and goal setting to reduce discomfort and anxiety. Compared to CBT, ACT is a newer type of psychotherapy treatment, so less data
are available on its effectiveness.
Medication
A health care provider may prescribe medications like anti-anxiety medications and beta-blockers to relieve phobia symptoms in specific
situations. The provider can evaluate your symptoms and needs and help you decide whether to include medications in your treatment plan.
Support groups
Some people may benefit from including a support group in their treatment plan. Support groups can provide a welcoming space in person or
online for people to discuss their concerns, share their experiences, and learn from others.
Stress management techniques
Practicing stress management techniques like exercise, mindfulness, and meditation also can help reduce phobia-related anxiety and help make
psychotherapy even more effective.
How can I find help?
If you have concerns about your mental health, talk to a primary care provider. They can refer you to a qualified mental health professional, such
as a psychologist, psychiatrist, or clinical social worker, who can help you figure out the next steps. Find tips for talking with a health care provider
about your mental health. 
You can learn more about getting help on the NIMH website. You can also learn about finding support  and locating mental health services  in
your area on the Substance Abuse and Mental Health Services Administration (SAMHSA) website. 
Where can I learn more about phobia-related disorders?
Phobias  (MedlinePlus)
What are clinical trials, and why are they important?
Clinical trials are research studies that look at ways to prevent, detect, or treat diseases and conditions, including phobias and phobia-related
disorders. These studies help show whether a treatment is safe and effective in people. Some people join clinical trials to help doctors and
researchers learn more about a disease and improve health care. Other people, such as those with health conditions, join to try treatments that
aren’t widely available.
NIMH supports clinical trials across the United States. Talk to a health care provider about clinical trials and whether one is right for you. Learn
more about participating in clinical trials.
For more information
Learn more about mental health disorders and topics. For information about various health topics, visit the National Library of Medicine’s
MedlinePlus  resource. 
07/09/2025, 22:21 Phobias and Phobia-Related Disorders - National Institute of Mental Health (NIMH)
https://www.nimh.nih.gov/health/publications/phobias-and-phobia-related-disorders 2/3
Reprints
The information in this publication is in the public domain and may be reused or copied without permission. However, you may not reuse or copy
images. Please cite the National Institute of Mental Health as the source. Read our copyright policy to learn more about our guidelines for reusing
NIMH content.
U.S. Department of Health and Human Services
National Institutes of Health
2025
07/09/2025, 22:21 Phobias and Phobia-Related Disorders - National Institute of Mental Health (NIMH)
https://www.nimh.nih.gov/health/publications/phobias-and-phobia-related-disorders 3/3"
eating-disorders-what-you-need-to-know.pdf,0,"Eating  
Disorders:  
What You Need 
to Know"
eating-disorders-what-you-need-to-know.pdf,1,"What are eating disorders?
Eating disorders are serious illnesses marked by severe disturbances to one’s 
eating behaviors. Although many people may be concerned about their health, 
weight, or appearance from time to time, some people become fixated or obsessed 
with weight loss, body weight or shape, and controlling their food intake. These 
may be signs of an eating disorder. 
Eating disorders are not a choice. These disorders can adversely affect a person’s 
physical and mental health, and in some cases, they can be life-threatening. With 
treatment, however, people can recover from eating disorders. 
Who is at risk for eating disorders?
Eating disorders can affect people of all ages, racial and ethnic backgrounds, 
body weights, and sexes. Even people who appear healthy can have eating 
disorders and be extremely ill. People with eating disorders can be underweight, 
average weight
, or overweight. 
The exact cause of eating disorders is not fully understood. Research suggests a 
combination of genetic, biological, behavioral, psychological, and social factors 
can raise a person’s risk. 
What are the common types of eating disorders?
Common types of eating disorders include:
● A
norexia nervosa: People with anorexia nervosa severely avoid or restrict
food intake due to a distorted self-image or an intense fear of gaining
weight. Even when dangerously underweight, they may see themselves as
overweight. Some people with anorexia nervosa may also have binge eating
and purging episodes.
● B
inge-eating disorder: People with binge-eating disorder regularly lose
control of their eating and eat unusually large amounts of food. People with
binge-eating disorder are often overweight or obese.
● B
ulimia nervosa: People with bulimia nervosa regularly binge eat and then
engage in unhealthy behaviors to prevent weight gain, such as forced vomiting
or the use of laxatives. People with bulimia nervosa may maintain an average
weight or be overweight.
● A
voidant restrictive food intake disorder (ARFID): People with ARFID limit
the amount and variety of food they eat due to their anxiety or fear of the
consequences of eating (such as choking or vomiting) or dislike of a food’s
characteristics (such as its appearance or texture). People with ARFID are
frequently underweight.
People exhibiting any combination of these symptoms may have an eating 
disorder and should talk to a health care provider.
What are the signs and symptoms of anorexia nervosa?
Signs and symptoms of anorexia 
nervosa include:
 ● Extremely restricted eating
 ● Intense and excessive exercise
 ● Extreme thinness (emaciation)
 ● A relentless pursuit of thinness 
and unwillingness to maintain a 
healthy weight
 ● Intense fear of gaining weight
 ● Distorted body image or self-
image
 ● Denial of the seriousness of low 
body weight
Over time, anorexia nervosa can 
lead to numerous serious health 
consequences, including:
 ● Thinning of the bones 
(osteopenia or osteoporosis)
 ● Mild anemia
 ● Muscle wasting and weakness
 ● Delayed puberty
 ● Severe constipation
 ● Low blood pressure
 ● Slowed breathing and pulse
 ● Damage to the structure and 
function of the heart
 ● Feeling tired all the time
 ● Infertility
 ● Brain damage
 ● Multiple organ failure
Anorexia nervosa can be fatal. It has an extremely high death rate compared 
with other mental disorders. People with anorexia nervosa are at risk of dying 
from medical complications associated with starvation. Suicide is a leading cause 
of death for people diagnosed with anorexia nervosa. 
If you or someone you know is struggling or having thoughts of suicide, call 
or text the 988 Suicide and Crisis Lifeline at 988  or chat at 988lifeline.org. In 
life-threatening situations, call 911. 
What are the signs and symptoms of binge-eating disorder?
Signs and symptoms of binge-
eating disorder include:
 ● Eating unusually large amounts of 
food in a short amount of time, for 
example, within two hours
 ● Eating rapidly during binge 
episodes
 ● Eating even when full or not 
hungry
 ● Eating until uncomfortably full
 ● Eating alone or in secret to avoid 
embarrassment
 ● Feeling distressed, ashamed, or 
guilty about eating
 ● Dieting frequently, possibly 
without weight loss
Over time, binge eating can lead 
to serious health consequences, 
including:
 ● Obesity
 ● Type 2 diabetes
 ● Cardiovascular problems
 ● Sleep problems
 ● Gastrointestinal symptoms (such 
as acid reflux, bloating, and 
diarrhea)
What are the signs and symptoms of bulimia nervosa?
The signs and symptoms of bulimia 
nervosa include the same signs and 
symptoms as binge eating. They also 
include the following, which aim to 
get rid of food after binge eating:
 ● Throwing up
 ● Taking laxatives
 ● Exercising excessively
 ● Fasting
Over time, bulimia nervosa can lead 
to serious health consequences, 
including: 
 ● Chronically inflamed and sore 
throat
 ● Swollen salivary glands in the 
neck and jaw area
 ● Worn tooth enamel and 
increasingly sensitive and 
decaying teeth
 ● Acid reflux disorder and other 
gastrointestinal problems
 ● Intestinal distress and irritation
 ● Severe dehydration
 ● Electrolyte imbalance
What are the signs and symptoms of avoidant restrictive 
food intake disorder?
Signs and symptoms of ARFID 
include: 
 ● Severe restriction of types or 
amount of food eaten
 ● Lack of appetite or interest in 
food 
 ● Dramatic weight loss 
 ● Upset stomach, abdominal pain, 
or other gastrointestinal issues 
with no other known cause
 ● Limited range of preferred 
foods that becomes even more 
limited (“picky eating” that gets 
progressively worse)
Over time, ARFID can lead to serious 
health consequences, including: 
 ● Unhealthy weight loss
 ● Malnutrition
 ● Changes to physical growth 
 ● Functional impairments 
associated with academic 
performance, work, and 
relationships
What mental illnesses can co-occur with eating disorders?
People with eating disorders are at risk for co-occurring mental illnesses, which 
most often include depression, anxiety, and substance use disorders. People with 
eating disorders are also at a higher risk for suicide. It’s critical to treat any co-
occurring conditions as part of the treatment plan. 
How are eating disorders treated?
Eating disorders can be treated successfully. Early detection and treatment are 
important for recovery. Treatment plans for eating disorders include:
 ● Individual, group, or family psychotherapy to identify and change troubling 
emotions, thoughts, and behaviors about food. For general information about 
psychotherapies, visit www.nimh.nih.gov/psychotherapies .
 ● Medical care and monitoring to treat the health consequences of an eating 
disorder and monitor overall well-being.
 ● Nutritional counseling to help people eat well and reach and maintain a 
healthy weight.
 ● Medication to treat the symptoms of some eating disorders, including bulimia 
nervosa and binge-eating disorder, and to reduce symptoms of co-occurring 
anxiety or depression. There are currently no medications approved by the 
U.S. Food and Drug Administration (FDA) to treat the symptoms of anorexia 
nervosa or ARFID.  
Some people with a severe eating disorder may need to be in a hospital or 
residential treatment program. 
A person’s family can play a crucial role in treatment. They can encourage 
a family member with eating or body image issues to seek help and can 
provide support during treatment. Research suggests that family-based 
treatment can improve eating disorder treatment outcomes, particularly  
for adolescents.
How can I find help?
If you have concerns about your eating behavior or mental health, talk to a primary 
care provider. They can refer you to a qualified mental health professional, such 
as a psychologist, psychiatrist, or clinical social worker, who can help you figure 
out the next steps. Find tips for talking with a health care provider about your 
mental health at www.nimh.nih.gov/talkingtips .
You can learn more about getting help at www.nimh.nih.gov/findhelp. The 
Substance Abuse and Mental Health Services Administration (SAMHSA) provides 
information about finding support at https://findsupport.gov  and locating mental 
health services in your area at https://findtreatment.gov.
What are clinical trials and why are they important?
Clinical trials are research studies that look at ways to prevent, detect, or treat 
diseases and conditions. These studies help show whether a treatment is safe 
and effective in people. Some people join clinical trials to help doctors and 
researchers learn more about a disease and improve health care. Other people, such 
as those with health conditions , join to try treatments that aren’t widely available. 
NIMH supports clinical trials across the United States. Talk to a health care 
provider about clinical trials and whether one is right for you. For more 
information, visit www.nimh.nih.gov/clinicaltrials.
For more information
Learn more at www.nimh.nih.gov/health. For information about various 
health topics, visit the National Library of Medicine’s MedlinePlus resource at 
https://medlineplus.gov. 
Contact us
National Institute of Mental Health  
Office of Science Policy, Planning, and Communications 
6001 Executive Boulevard, MSC 9663 
Bethesda, MD 20892-9663 
Phone: 1-866-615-6464  
Email: nimhinfo@nih.gov  
Website: www.nimh.nih.gov 
En español: www.nimh.nih.gov/espanol
Reprints
The information in this publication is in the public domain and may be reused  
or copied without permission. However, you may not reuse or copy images. 
Please cite the National Institute of Mental Health as the source. Read our 
copyright policy to learn more about our guidelines for reusing NIMH content at 
www.nimh.nih.gov/copyright. 
U.S. DEPARTMENT OF HEALTH AND HUMAN SERVICES 
National Institutes of Health 
NIH Publication No. 24-MH-4901 
Revised 2024"
teen-brain-7-things-to-know.pdf,0,"Brain development is related to social 
experiences during adolescence.
Changes to the areas of the brain responsible for social processes can 
lead teens to focus more on peer relationships and social experiences. 
The emphasis on peer relationships, along with ongoing prefrontal 
cortex development, might lead teens to take more risks because the 
social benefits outweigh the possible consequences of a decision. 
These risks could be negative or dangerous, or they could be positive, 
such as talking to a new classmate or joining a new club or sport.
Adolescence is an important  
time for brain development.
Although the brain stops growing in size by early adolescence, 
the teen years are all about fine-tuning how the brain works. 
The brain finishes developing and maturing in the mid-to-late 
20s. The part of the brain behind the forehead, called the 
prefrontal cortex, is one of the last parts to mature. This area 
is responsible for skills like planning, prioritizing, and making 
good decisions.
The Teen Brain: 7 Things to Know
The teen brain is ready to learn  
and adapt.
The teen brain has an amazing ability to adapt and respond to 
new experiences and situations. Taking challenging classes, 
exercising, and engaging in creative activities like art or music 
can strengthen brain circuits and help the brain mature.
Teen brains may respond differently to stress.
Because the teen brain is still developing, teens may respond to stress 
differently than adults. This could increase teens’ chances of developing 
stress-related mental illnesses such as anxiety and depression. 
Recognizing possible triggers and practicing effective coping techniques 
can help teens deal with stress. More information on managing stress is 
available at www.nimh.nih.gov/stress .
1
2
3
From the NATIONAL INSTITUTE of  MENTAL HEALTH
Did you know that big and important changes happen in the brain during 
adolescence? Here are seven things to know about the teen brain:
4
If you or someone you know is struggling or having thoughts of suicide, call or text the 988 Suicide & 
Crisis Lifeline at  988 or chat at  988lifeline.org. In life-threatening situations, call 911. 
The teen brain is resilient.
Despite the stresses and challenges that come with 
adolescence, most teens go on to become healthy adults. 
Some changes in the brain during this critical phase of 
development actually help support resilience and mental health 
over the long term.
Finding help
If you or someone you know has a mental illness, is struggling emotionally, or has concerns about their  
mental health, there are ways to get help. Find more information at  www.nimh.nih.gov/findhelp.
Talking openly with your doctor or other health care provider can improve your care and help you both  
make good choices about your health. Find tips to help prepare for and get the most out of your visit at  
www.nimh.nih.gov/talkingtips.
 
NIH Publication No. 23-MH-8078
Revised 2023
www.nimh.nih.gov
Most teens do not get enough sleep.
Research shows that the sleep hormone melatonin works 
differently in teens than in children and adults. In adolescence, 
melatonin levels stay high later at night and drop later in the 
morning, which may explain why teens may stay up late and 
struggle with waking up early. Many teens do not get enough 
sleep, making it harder to pay attention, control impulses, and 
do well at school. Getting good sleep at night can help support 
mental health.  
5
6
Mental illnesses may begin to appear  
during adolescence.
Ongoing changes in the brain, along with physical, emotional, and  
social changes, can make teens more likely to experience mental  
health problems. The fact that all these changes happen at one  
time may explain why many mental illnesses—such as schizophrenia, 
anxiety, depression, bipolar disorder, and eating disorders—emerge 
during adolescence. 
7"
frequently-asked-questions-about-suicide.pdf,0,"FREQUENTLY ASKED QUESTIONS 
About Suicide
Suicide is a leading cause of death in the United States 
and a major public health concern. When a person dies  
by suicide, the effects are felt by family, friends, and 
communities. This brochure can help you, a friend, or a 
family member learn more about the warning signs of 
suicide, ways to help prevent suicide, and effective 
treatment options.
IF YOU OR SOMEONE YOU KNOW IS IN CRISIS: 
Call or text the 988 Suicide & Crisis Lifeline at 988 or chat at 
988lifeline.org. The Lifeline provides free and confidential support to 
people in suicidal crisis or emotional distress 24 hours a day,  
7 days a week, across the United States.
Call 911 in life-threatening situations."
frequently-asked-questions-about-suicide.pdf,1,"What is suicide?
Suicide is when people harm themselves with the goal of ending their life, and 
they die as a result. 
A suicide attempt is when people harm themselves with the goal of ending 
their life, but they do not die.
Avoid using terms such as “committing suicide,” “successful suicide,” or “failed 
suicide” when referring to suicide and suicide attempts, as these terms often 
carry negative meanings.
Who is at risk for suicide?
People of all ages, sexes, and ethnicities can be at risk for suicide. 
The main risk factors for suicide are:
● A history of suicide attempts
● Depression, other mental disorders, or substance use disorder
● Chronic pain
● Family history of a mental disorder or substance use
● Family history of suicide
● Exposure to family violence, including physical or sexual abuse
● Presence of guns or other firearms in the home
● Having recently been released from prison or jail
● Exposure, either directly or indirectly, to others’ suicidal behavior, such as
that of family members, peers, or celebrities
Most people who have risk factors for suicide will not attempt suicide, and it 
is difficult to tell who will act on suicidal thoughts. Although risk factors for 
suicide are important to keep in mind, someone who is showing warning signs 
of suicide may be at higher risk for danger and need immediate attention.
Stressful life events (such as the loss of a loved one, legal troubles, or financial 
difficulties) and interpersonal stressors (such as shame, harassment, bullying, 
discrimination, or relationship troubles) may contribute to suicide risk, 
especially when they occur along with suicide risk factors.
What are the warning signs of suicide?
Warning signs that someone may be at immediate risk for attempting  
suicide include:
 ● Talking about wanting to die or wanting to kill themselves
 ● Talking about feeling empty or hopeless or having no reason to live
 ● Talking about feeling trapped or feeling that there are no solutions
 ● Feeling unbearable emotional or physical pain
 ● Talking about being a burden to others
 ● Withdrawing from family and friends
 ● Giving away important possessions
 ● Saying goodbye to friends and family
 ● Putting affairs in order, such as making a will
 ● Taking great risks that could lead to death, such as driving extremely fast
 ● Talking or thinking about death often
Other serious warning signs that someone may be at risk for attempting 
suicide include:
 ● Displaying extreme mood swings, suddenly changing from very sad to very 
calm or happy
 ● Making a plan or looking for ways to kill themselves, such as searching for 
lethal methods online, stockpiling pills, or buying a gun
 ● Talking about feeling great guilt or shame
 ● Using alcohol or drugs more often
 ● Acting anxious or agitated
 ● Changing eating or sleeping habits
 ● Showing rage or talking about seeking revenge
What treatment options and therapies are available?
Effective, evidence-based interventions are available to help people who are 
at risk for suicide: 
 ● Cognitive Behavioral Therapy (CBT): CBT is a type of psychotherapy that 
can help people learn new ways of dealing with stressful experiences. CBT 
helps people learn to recognize their thought patterns and consider 
alternative actions when thoughts of suicide arise.
 ● Dialectical Behavior Therapy (DBT): DBT is a type of psychotherapy that 
has been shown to reduce suicidal behavior in adolescents. DBT also has 
been shown to reduce the rate of suicide attempts in adults with borderline 
personality disorder, a mental illness characterized by an ongoing pattern 
of varying moods, self-image, and behavior that often results in impulsive 
actions and problems in relationships. A therapist trained in DBT can help a 
person recognize when their feelings or actions are disruptive or unhealthy 
and teach the person skills that can help them cope more effectively with 
upsetting situations.
 ● Brief Intervention Strategies: Research has shown that creating a safety 
plan or crisis response plan—with specific instructions for what to do and 
how to get help when having thoughts about suicide—can help reduce a 
person’s risk of acting on suicidal thoughts. Staying connected and 
following up with people who are at risk for suicide also has been shown to 
help lower the risk of future suicide attempts. Research also has shown that 
increasing safe storage of lethal means can help reduce suicide attempts 
and deaths by suicide. In addition, collaborative assessment and 
management of suicide risk can help to reduce suicidal thoughts.
 ● Collaborative Care: Collaborative care is a team-based approach to mental 
health care. A behavioral health care manager will work with the person, 
their primary health care provider, and mental health specialists to develop 
a treatment plan. Collaborative care has been shown to be an effective way 
to treat depression and reduce suicidal thoughts.
What should I do if I am struggling or someone I 
know is having thoughts of suicide?
If you notice warning signs of suicide—especially a change in behavior or 
new, concerning behavior—get help as soon as possible. 
Family and friends are often the first to recognize the warning signs of  
suicide, and they can take the first step toward helping a loved one find 
mental health treatment. 
If someone tells you that they are going to kill themselves, do not leave them 
alone. Do not promise that you will keep their suicidal thoughts a secret—tell a 
trusted friend, family member, or other trusted adult. 
Call 911 if there is an immediate life-threatening situation.
You also can contact: 
988 Suicide & Crisis Lifeline 
988lifeline.org 
Call or text 988; Llame al 988 (para ayuda en español) 
The Lifeline provides 24-hour, confidential support to anyone in suicidal crisis 
or emotional distress. Call or text 988 to connect with a trained crisis 
counselor. Support is also available in English via chat at 988lifeline.org.
What if I see suicidal messages on social media?
Knowing how to get help when someone posts suicidal messages can help 
save a life. Many social media sites have a process to get help for the person 
posting the message. To learn more, visit the 988 Suicide & Crisis Lifeline’s 
webpage about safety and support on social media at https://988lifeline.org/
help-someone-else/safety-and-support-on-social-media .
If you see messages or live streaming content that suggests someone is 
actively engaging in suicidal behavior, you can contact safety teams at the 
social media company. They will reach out to connect the person with the help 
they need.
Does asking someone about suicide 
put the idea in their head?
No. Studies have shown that asking people about suicidal thoughts and 
behaviors does not cause or increase such thoughts. Asking someone 
directly, “Are you thinking of killing yourself?” can be the best way to identify 
someone at risk for suicide.
Do people “threaten” suicide to get attention?
Suicidal thoughts or actions are a sign of extreme distress and an indicator 
that someone needs help. Talking about wanting to die by suicide is not a 
typical response to stress. All talk of suicide should be taken seriously and 
requires immediate attention. 
How do suicide rates differ among groups of people? 
Data show that the rates of suicide attempts and suicide deaths vary 
according to characteristics such as age, sex, race, ethnicity, and 
geographic location. The most recent statistics and information on suicide  
risk are available on the Centers for Disease Control and Prevention website 
at 
www.cdc.gov/suicide and the National Institute of Mental Health’s  
website at www.nimh.nih.gov/suicidestats. 
How can I find help for mental health concerns?
If you have concerns about your mental health, tell your health care provider. 
Your health care provider will listen to your concerns and can help you figure 
out next steps. Find tips for talking with your doctor about mental health 
concerns at www.nimh.nih.gov/talkingtips.
To find mental health treatment facilities in your area, call the Substance 
Abuse and Mental Health Services Administration’s National Helpline at 
1-800-662-4357, visit their website at https://findtreatment.gov, or text your
ZIP code to 435748.
Where can I learn about NIMH research on suicide?
NIMH supports promising research that is likely to have an impact on reducing 
suicide in the United States. Research is helping improve our ability to identify 
people at risk for suicide and to develop and improve effective treatments. 
NIMH researchers continue to study suicide and how to best implement 
suicide prevention and intervention programs in different settings, including 
health care, community, school, and the justice system. 
To learn more about NIMH research priorities and recent research on suicide 
prevention, visit the NIMH website at www.nimh.nih.gov. 
For additional information about suicide prevention efforts, visit the National 
Action Alliance for Suicide Prevention at https://theactionalliance.org and 
Zero Suicide at http://zerosuicide.sprc.org. 
What should I know about clinical trials?
Clinical trials are research studies that look at new ways to prevent, detect,  
or treat diseases and conditions. Although individuals may benefit from  
being part of a clinical trial, participants should be aware that the primary 
purpose of a clinical trial is to gain new scientific knowledge so that others 
may be better helped in the future.
Talk to your health care provider about clinical trials, their benefits and  
risks, and whether one is right for you. For more information, visit  
www.nimh.nih.gov/clinicaltrials.
Reprints
This publication is in the public domain and may be reproduced or copied 
without permission from NIMH. We encourage you to reproduce and use 
NIMH publications in your efforts to improve public health. If you do use our 
materials, we request that you cite the National Institute of Mental Health. To 
learn more about using NIMH publications, refer to www.nimh.nih.gov/
reprints. 
For More Information
NIMH website  
www.nimh.nih.gov  
www.nimh.nih.gov/espanol (en español)
MedlinePlus (National Library of Medicine)  
https://medlineplus.gov  
https://medlineplus.gov/spanish (en español)
ClinicalTrials.gov  
www.clinicaltrials.gov  
https://salud.nih.gov/investigacion-clinica (en español)
National Institute of Mental Health  
Office of Science Policy, Planning, and Communications  
6001 Executive Boulevard  
Room 6200, MSC 9663  
Bethesda, MD 20892-9663  
Toll-free: 1-866-615-6464  
Email: nimhinfo@nih.gov  
Website: www.nimh.nih.gov 
U
.S. DEPARTMENT OF HEALTH AND HUMAN SERVICES 
National Institutes of Health 
NIH Publication No. 23-MH-6389
Revised 2023"
adhd-in-adults-four-things-to-know.pdf,0,"ADHD in Adults: 
Things to Know4
From the NATIONAL INSTITUTE of  MENTAL HEALTH
1 Adults can have ADHD. 
Attention-deficit/hyperactivity disorder (ADHD) is 
marked by a persistent pattern of inattention and/or 
hyperactivity and impulsivity that makes it hard to 
function in at least two areas of life, such as at home, 
school, or work.
Adults with ADHD may experience the following 
types of symptoms:
 ► Inattention: Difficulty paying attention, staying on 
task, or being organized
 ► Hyperactivity: Excessive activity or restlessness, 
even at inappropriate times, and difficulty engaging 
in quiet activities 
 ► Impulsivity: Acting without thinking or having 
trouble with self-control
Based on their symptoms, a person can be 
diagnosed with one of three types of ADHD: 
inattentive, hyperactive-impulsive, or combined.
Adults with ADHD often have a history of poor 
academic performance, work problems, or strained 
relationships. They may find it challenging to stay 
organized, stick to a job, keep appointments, perform 
daily tasks, or complete large projects. They may be 
restless, try to do multiple things at once, or engage 
in risky or impulsive behaviors. 
ADHD is considered a developmental disorder because symptoms must begin  
in childhood—but many adults also have ADHD.
2 ADHD symptoms can cause problems in daily life.
ADHD symptoms interfere with daily functioning. In 
adults, symptoms can lead to:
 ► Difficulty paying attention and often getting distracted
 ► Disorganization and procrastination
 ► Poor time management, planning, or organization
 ► Trouble remembering daily tasks
 ► Frequently losing things or being forgetful in activities
 ► Frequently interrupting others or being very talkative
 ► Trouble focusing on a large task or multitasking
 ► Trouble following instructions or finishing projects
 ► Difficulty sitting still for long periods and often 
moving or fidgeting
 ► Feelings of restlessness and a need for constant 
activity or stimulation
 ► Choosing immediate rewards over future rewards 
or consequences
Many people show some of these behaviors some of 
the time. However, for adults with ADHD, they are 
more severe, frequent, and persistent, interfering 
with daily life, occurring across multiple situations, 
and lasting at least 6 months.
ADHD often co-occurs with other mental disorders 
and can make them harder to treat. Sleep problems 
are especially prevalent, affecting up to 70% of 
adults with ADHD.
Symptoms continue into adulthood for many  
people with ADHD, but they may change with age. 
For instance, inattentive symptoms often persist  
as people get older, whereas hyperactivity and 
impulsivity are more likely to decline. Learn 
more about symptoms and types of ADHD at  
www.nimh.nih.gov/ADHD.  
3 ADHD is diagnosed differently in children and adults.
ADHD can be diagnosed in childhood or adulthood. 
However, adults must have shown symptoms much 
earlier, starting before age 12. 
The main difference between diagnosing ADHD  
in children and adults is the number of symptoms. 
Adults or adolescents over 16 years must show  
five (instead of six) symptoms of inattention or 
hyperactivity and impulsivity. 
How can a provider know if I showed 
ADHD symptoms as a child?
Diagnosing ADHD in adulthood is complicated  
by the need to show symptoms before age 12.  
For this reason, a diagnosis relies heavily on past 
reports of behavior. 
To help diagnose ADHD, a primary care provider or 
mental health professional may ask to talk to people 
who know you well, such as a partner, family members, 
and friends, to learn about your behavior in different 
situations and during childhood. They may look at 
school reports or other childhood records.
A provider will also talk to you and may ask you to 
do the following: 
 ► Complete clinical interviews, behavior rating 
scales, or symptom checklists to determine 
whether you meet the criteria for a diagnosis  
of ADHD.
 ► Take psychological tests that look at cognitive 
processes, such as memory, planning, decision-
making, reasoning, and thinking, to identify strengths 
and challenges and possible learning disabilities.
 ► Report on your mood and current and past 
medical conditions to rule out alternative 
diagnoses and establish an overall treatment plan.
Why wasn’t I diagnosed with  
ADHD earlier? 
There are many reasons someone may not be 
diagnosed with ADHD until adulthood. For instance, 
your teachers and parents may not have recognized 
the disorder or may have provided supportive 
environments that helped you thrive despite it. Or 
you may have a milder form of ADHD that could be 
managed well until faced with the stresses and 
demands of adulthood, especially at work. 
ADHD symptoms among girls and women  
are especially likely to have been missed in 
childhood. Sex differences in diagnosis rates begin 
to even out in adulthood. 
It is never too late to seek a diagnosis and treatment 
for ADHD and any other mental health condition that 
may occur with it. Effective treatment can make 
day-to-day life easier for many adults and their 
families. Find tips for talking with a health care 
provider at www.nimh.nih.gov/talkingtips.
You can learn more about getting help at  
www.nimh.nih.gov/findhelp. The Substance Abuse 
and Mental Health Services Administration (SAMHSA) 
provides information about finding support at 
https://findsupport.gov and locating mental health 
services in your area at https://findtreatment.gov. 
4 Treatment is available for adults with ADHD.
Treatment for ADHD can reduce symptoms and 
improve functioning. The most common treatments 
for ADHD in adults are:  
 ► Medication, usually stimulant medications
 ► Psychotherapy, like behavioral and cognitive 
behavioral therapy
Effective treatment often involves a combination  
of elements. Sometimes, people must try several 
treatments before finding the one that works  
for them.
NIMH has information on stimulants and  
other mental health medications at  
www.nimh.nih.gov/medications. You can  
learn about psychotherapy, including what  
to look for in a therapist and how to find one, 
at www.nimh.nih.gov/psychotherapies.
Some adults may find it helpful to get support from a 
life coach or ADHD coach who can teach them 
executive function skills to improve daily functioning. 
Others try lifestyle changes, like adding more 
physical exercise to their daily schedule.
People whose ADHD symptoms cause impairment 
at work may qualify for reasonable accommodations 
under the Americans with Disabilities Act (ADA). You 
can learn more about the ADA at www.ada.gov.
Find additional resources
The following organizations have more information on ADHD:
 ► Attention Deficit Disorder Association: 
Offers an array of resources to find help, including virtual support groups and a professional 
directory, at https://add.org
 ► Children and Adults with Attention-Deficit/Hyperactivity Disorder :  
Hosts a National Resource Center with information, links, and resources at 
https://chadd.org/nrc
 ► Centers for Disease Control and Prevention:  
Provides information and resources on ADHD symptoms, diagnosis, and treatment options at  
www.cdc.gov/adhd
Note: This resource list is for informational purposes only. It is not comprehensive, and an organization’s 
inclusion does not constitute an endorsement by NIMH.
What are clinical trials and why are they important? 
Clinical trials are research studies that look  
at ways to prevent, detect, or treat diseases 
and conditions.
These studies help show whether a treatment 
is safe and effective in people. Some people 
join clinical trials to help doctors and researchers 
learn more about a disease and improve 
health care.  
Other people, such as those with health 
conditions, join to try treatments that aren’t 
widely available.
NIMH supports clinical trials across the  
United States. Talk to a health care provider 
about clinical trials and whether one is right 
for you. For more information, visit  
www.nimh.nih.gov/clinicaltrials.
For more information
Learn more at www.nimh.nih.gov/
health. For information about various 
health topics, visit the National Library 
of Medicine’s MedlinePlus resource at 
https://medlineplus.gov.
National Institute of Mental Health  
Office of Science Policy, Planning,  
and Communications 
6001 Executive Boulevard, MSC 9663 
Bethesda, MD 20892-9663 
Phone: 1-866-615-6464  
Email: nimhinfo@nih.gov  
Website: www.nimh.nih.gov
Reprints
The information in this publication is in 
the public domain and may be reused or 
copied without permission. However, you 
may not reuse or copy images. Please cite 
the National Institute of Mental Health as a 
source. Read our copyright policy to learn 
more about our guidelines for reusing NIMH 
content at www.nimh.nih.gov/copyright.
NIH Publication No. 24-MH-3573 
2024
Follow us on  
social media @NIMHgov"
bipolar-disorder.pdf,0,"Bipolar 
Disorder
What is bipolar disorder?
Bipolar disorder is a mental illness that can be chronic (persistent or constantly 
recurring) or episodic (occurring occasionally and at irregular intervals). People 
sometimes refer to bipolar disorder with the older terms manic-depressive disorder or 
manic depression.
Everyone experiences ups and downs, but with bipolar disorder, the range of mood 
changes can be extreme. People with the disorder have manic episodes or unusually 
elevated moods in which the person might feel excessively happy, irritable, or “up,” 
with a marked increase in activity level compared to their usual self. They might also 
have depressive episodes, in which they feel sad, indifferent, or hopeless, combined 
with a very low activity level and an inability to function. Some people have hypomanic 
episodes, which are like manic episodes but are less severe, and don’t interfere as 
much with daily life.
Most of the time, bipolar disorder symptoms start during late adolescence or early 
adulthood. Occasionally, children may experience bipolar disorder symptoms. 
Although symptoms may come and go, bipolar disorder usually requires lifelong 
treatment and does not go away on its own. Bipolar disorder can be an important 
factor in suicide, job loss, ability to function, and family discord. However, proper 
treatment can lead to better functioning and improved quality of life.
What are the symptoms of bipolar disorder?
Symptoms of bipolar disorder can vary. An individual with the disorder may have 
manic episodes, depressive episodes, or “mixed” episodes. A mixed episode has 
both manic and depressive symptoms. 
These mood episodes cause symptoms that last a week or two, or sometimes 
longer. During an episode, the symptoms last every day for most of the day. 
Feelings are intense and happen with changes in behavior, energy levels, or 
activity levels that are noticeable to others. In between episodes, mood usually 
returns to a healthy baseline. But in many cases, without adequate treatment, 
episodes occur more frequently as time goes on.
Some people with bipolar disorder may have milder symptoms than others. For 
example, hypomanic episodes may make an individual feel very good and productive; 
they may not feel like anything is wrong. However, family and friends may notice 
mood swings and changes in activity levels as unusual behavior, and depressive 
episodes may follow hypomanic episodes. 
Symptoms of a Manic Episode Symptoms of a Major Depressive Episode
Feeling very up, high, elated, 
extremely irritable, or touchy Feeling very down, sad, or anxious
Feeling jumpy or wired, or being 
more active than usual Feeling slowed down or restless
Racing thoughts Trouble concentrating or making decisions
Decreased need for sleep Trouble falling asleep, waking up too early, or 
sleeping too much
Talking fast about a lot of 
different things (“flight of ideas”)
Talking very slowly, feeling unable to find 
anything to say, or forgetting a lot
Excessive appetite for food, 
drinking, sex, or other 
pleasurable activities
Lack of interest in almost all activities
Feeling able to do many things 
at once without getting tired Unable to do even simple things
Feeling unusually important, 
talented, or powerful
Feeling hopeless or worthless, or thinking 
about death or suicide
Difficulty maintaining work responsibilities, social activities, or relationships
Types of bipolar disorder
People are diagnosed with three basic types of bipolar disorder that involve clear 
changes in mood, energy, and activity levels. These moods range from manic 
episodes to depressive episodes. 
 ● Bipolar I disorder is defined by manic episodes that last at least 7 days (most of 
the day, nearly every day) or when manic symptoms are so severe that hospital 
care is needed. Usually, separate depressive episodes occur as well, typically 
lasting at least 2 weeks. Episodes of mood disturbance with mixed features are 
also possible. The experience of four or more episodes of mania or depression 
within a year is termed “rapid cycling.”
 ● Bipolar II disorder is defined by a pattern of depressive and hypomanic 
episodes, but the hypomanic episodes are less severe than the manic episodes 
in bipolar I disorder. Many people with bipolar II disorder spend extended 
periods in a persistent, low-grade depressive state.
 ● Cyclothymic disorder (also called cyclothymia) is defined by recurrent 
hypomanic and depressive symptoms that are not intense enough or do not last 
long enough to qualify as hypomanic or depressive episodes. 
“Other specified and unspecified bipolar and related disorders” is a diagnosis that 
refers to bipolar disorder symptoms that do not match the three major types of 
bipolar disorder outlined above. 
What causes bipolar disorder?
The exact cause of bipolar disorder is unknown. However, research suggests that a 
combination of factors may contribute to the illness.
Genetics
Bipolar disorder often runs in families, and research suggests this is mostly explained 
by heredity—people with certain genes are more likely to develop bipolar disorder 
than others. Many genes are involved, and no one gene can cause the disorder. 
But genes are not the only factor. Studies of identical twins have shown that one 
twin can develop bipolar disorder while the other does not. Though people with a 
parent or sibling with bipolar disorder are more likely to develop it, not everyone 
with a family history of bipolar disorder will develop it. Research also suggests that 
people with a genetic risk of having bipolar disorder may be more likely to develop 
it after experiencing trauma or other stressful life events.
Brain structure and function
Research shows that the brain structure and function of people with bipolar disorder 
may differ from those of people who do not have bipolar disorder or other mental 
disorders. Learning about the nature of these brain changes helps researchers 
better understand bipolar disorder and, in the future, may help predict which types 
of treatment will work best for a person with bipolar disorder. 
How is bipolar disorder diagnosed?
To diagnose bipolar disorder, a health care provider may complete a physical exam, 
order medical testing to rule out other illnesses, and refer the person for an 
evaluation by a mental health professional.
Bipolar disorder is diagnosed based on the severity, length, and frequency of an 
individual’s symptoms and experiences over their lifetime, and their family history. 
Some people have bipolar disorder for years before it is diagnosed for several 
reasons. People with bipolar II disorder may seek help only for depressive 
episodes, and hypomanic episodes may go unnoticed.
Misdiagnosis may happen because some bipolar disorder symptoms are like those 
of other illnesses. For example, people with bipolar disorder who also have psychotic 
symptoms can be misdiagnosed with schizophrenia. To avoid such misdiagnosis, it 
is important to consider the course of the disorder over the past days and weeks, 
rather than focusing solely on the current symptoms. Some health conditions, such 
as thyroid disease, can cause symptoms like those of bipolar disorder. The effects 
of some prescribed, recreational, or illicit drugs can sometimes mimic or worsen 
mood symptoms.
If subtle signs of bipolar disorder are missed and an initial depressive episode is 
treated with antidepressant medication alone (without a mood stabilizer), a manic 
episode or rapid cycling may be triggered.
Conditions that can co-occur with bipolar disorder
Many people with bipolar disorder also have other mental disorders or conditions, 
such as anxiety disorders, attention-deficit/hyperactivity disorder (ADHD), misuse 
of drugs or alcohol, or eating disorders. Sometimes people who have severe manic 
or depressive episodes also have symptoms of psychosis, such as hallucinations or 
delusions. The psychotic symptoms tend to match the person’s extreme mood. For 
example, someone having psychotic symptoms during a depressive episode may 
falsely believe they are financially ruined, while someone having psychotic symptoms 
during a manic episode may falsely believe they are famous or have special powers.
Looking at symptoms over the course of the illness and the person’s family history can 
help determine whether a person has bipolar disorder along with another disorder.
How is bipolar disorder treated?
Treatment helps many people, even those with the most severe forms of bipolar 
disorder. Mental health professionals treat bipolar disorder with medications, 
psychotherapy, or a combination of treatments.
Medications
Certain medications can help control the symptoms of bipolar disorder. Some people 
may need to try several different medications before finding the ones that work 
best. Different medications may be used to treat an acute mood episode compared 
to those used to help manage symptoms over the long term. The most common 
types of medications that doctors prescribe include mood stabilizers and atypical 
antipsychotics. Mood stabilizers such as lithium or valproate can help prevent mood 
episodes or reduce their severity. Lithium also can decrease the risk of suicide.
Bipolar depression is often treated with a mood stabilizer or an atypical antipsychotic. 
For some people experiencing a depressive episode, antidepressants may be added 
to these medications. However, antidepressants are not used alone because they 
can trigger a manic episode or rapid cycling in a person with bipolar disorder. 
Medications that target sleep or anxiety are sometimes added to mood stabilizers 
as part of a treatment plan. 
Talk with your health care provider to understand the risks and benefits of each 
medication. Report any concerns about side effects to your health care provider right 
away. Avoid stopping medication without talking to your health care provider first. 
Learn more about mental health medications at www.nimh.nih.gov/medications. 
Read the most up-to-date information on medications, side effects, and warnings on 
the U.S. Food and Drug Administration (FDA) website at www.fda.gov/drugsatfda .
Psychotherapy
Psychotherapy (sometimes called talk therapy) is a term for various treatment 
techniques that aim to help a person identify and change troubling emotions, thoughts, 
and behaviors. Psychotherapy can offer support, education, skills, and strategies to 
people with bipolar disorder and their families. 
Some types of psychotherapy can be effective treatments for bipolar disorder when 
used with medications, including interpersonal and social rhythm therapy, which aims 
to understand and work with an individual’s biological and social rhythms. 
Interpersonal relationships are at the heart of family-focused therapy, which has 
been shown to help adolescents and adults when introduced with mood-stabilizing 
medication following an episode of bipolar depression or mania. Cognitive 
behavioral therapy (CBT) is an important treatment for depression, and CBT 
adapted for the treatment of insomnia can be especially helpful as a component  
of the treatment of bipolar depression. Learn more about psychotherapy at  
www.nimh.nih.gov/psychotherapies.
Other treatments
Some people may find other treatments helpful in managing their bipolar  
disorder symptoms.
 ●  Electroconvulsive therapy (ECT) is a brain stimulation procedure that can help 
relieve severe symptoms of bipolar disorder. ECT is usually considered if an 
individual’s illness has not improved after other treatments, such as medication 
or psychotherapy, or in cases that require rapid response, such as with suicide 
risk or catatonia (a state of unresponsiveness).
 ● Transcranial magnetic stimulation (TMS) is a type of brain stimulation that uses 
magnetic pulses, rather than the electrical stimulation of ECT, to relieve depression 
symptoms over a series of treatment sessions. Although not as powerful as ECT, 
TMS does not require general anesthesia and presents less risk of memory loss 
or adverse cognitive effects.
Learn more about ECT and TMS at www.nimh.nih.gov/braintherapies .
 ● Light therapy is the best evidence-based treatment for seasonal affective 
disorder (SAD), and many people with bipolar disorder experience seasonal 
worsening of depression in the winter, in some cases to the point of SAD. 
Morning light therapy could also be considered for lesser forms of seasonal 
worsening of bipolar depression. 
Complementary health approaches
The FDA has not approved any complementary health approaches for treating bipolar 
disorder. However, some individuals with bipolar disorder may explore options like 
dietary supplements, herbs, yoga, massage, acupuncture, tai chi, exercise, and 
relaxation techniques to support overall wellness and manage stress. Unlike specific 
psychotherapy and medication treatments that are scientifically proven to improve 
bipolar disorder symptoms, complementary health approaches have not been 
comprehensively studied.
Some complementary health approaches may be used safely alongside standard 
treatments for bipolar disorder. It is important to talk to a health care provider to 
determine a treatment plan. For more information, visit the National Center for 
Complementary and Integrative Health website at www.nccih.nih.gov .
How can I find help?
If you have concerns about your mental health, talk to a primary care provider.  
They can refer you to a qualified mental health professional, such as a psychologist, 
psychiatrist, or clinical social worker, who can help you figure out the next steps. 
Find tips for talking with a health care provider about your mental health at  
www.nimh.nih.gov/talkingtips.
You can learn more about getting help at www.nimh.nih.gov/findhelp . The 
Substance Abuse and Mental Health Services Administration (SAMHSA) also 
provides information about finding support at https://findsupport.gov  and locating 
mental health services in your area at https://findtreatment.gov .
How can I help myself?
 ● Get treatment and stick with it. Treatment is the best way to start feeling better.
 ● Keep medical and therapy appointments.
 ● Take medication and treatment as directed.
 ● Structure activities. Keep a routine for eating, sleeping, and exercising.
 ● Try exercise like jogging, swimming, or bicycling, which can help with depression 
and anxiety, promote better sleep, and support heart and brain health.
 ● Avoid using drugs and alcohol.
 ● Keep a life chart or mood journal to help recognize your mood swings.
 ● Ask for help when trying to stick with your treatment.
 ● Be patient. Improvement takes time. Social support helps.
Remember, bipolar disorder is a lifelong illness, but long-term, ongoing treatment 
can help manage symptoms and enable you to live a healthy life.
How can I help a loved one with bipolar disorder?
It can be difficult to know how to help a friend or family member with bipolar 
disorder. Here are some things you can do:
 ● Offer emotional support, understanding, patience, and encouragement.
 ● Listen and be open to their experiences.
 ● Understand triggers and be alert to any major mood changes.
 ● Include your loved one in fun activities.
 ● Remind the person that getting better is possible with the right treatment.
 ● Offer practical help, such as driving your loved one to health care appointments 
or picking up prescriptions.
 ● Take care of yourself, too.
If you or someone you know is struggling or having thoughts of suicide, call 
or text the 988 Suicide and Crisis Lifeline at 988  or chat at 988lifeline.org. 
In life-threatening situations, call 911 .
Clinical trials 
Clinical trials are research studies that look at ways to prevent, detect, or treat 
diseases and conditions. These studies help show whether a treatment is safe and 
effective in people. Some people join clinical trials to help doctors and researchers 
learn more about a disease and improve health care. Other people, such as those 
with health conditions, join to try treatments that aren’t widely available. 
NIMH supports clinical trials across the United States. Talk to a health care provider 
about clinical trials and whether one is right for you. For more information, visit 
www.nimh.nih.gov/clinicaltrials. 
For more information
Learn more at www.nimh.nih.gov/health. For information about various health topics, 
visit the National Library of Medicine’s MedlinePlus resource at https://medlineplus.gov.
Contact us
National Institute of Mental Health
Office of Science Policy, Planning, and Communications 
6001 Executive Boulevard, MSC 9663 
Bethesda, MD 20892-9663 
866-615-6464  
nimhinfo@nih.gov
www.nimh.nih.gov
www.nimh.nih.gov/espanol
Reprints
The information in this publication is in the public domain and may be reused  
or copied without permission. However, you may not reuse or copy images.  
Please cite the National Institute of Mental Health as the source. Read our  
copyright policy to learn more about our guidelines for reusing NIMH content at 
www.nimh.nih.gov/copyright.
U.S. DEPARTMENT OF HEALTH AND HUMAN SERVICES  
National Institutes of Health 
NIH Publication No. 25-MH-8088 
Revised 2025"
perinatal-depression.pdf,0,"Perinatal Depression
Perinatal depression is a mood disorder that occurs during pregnancy 
and after childbirth. The symptoms can range from mild to severe. In 
rare cases, the symptoms are severe enough that a mother and her 
baby’s health and well-being may be at risk. 
Perinatal depression can be treated. Learn about the signs and symptoms, 
risk factors, treatments, and ways you or a loved one can get help.
What is perinatal depression?
Perinatal depression includes depression that occurs during pregnancy (prenatal 
depression) and in the weeks after childbirth (postpartum depression). Most 
episodes of perinatal depression begin within 4−8 weeks after the baby is 
born. Pregnant and postpartum women with perinatal depression experience 
extreme sadness, anxiety, and fatigue that may make it difficult to carry out 
daily tasks, including caring for themselves or others.
What are the signs and symptoms of perinatal depression?
Some women experience a few symptoms of perinatal depression, while others 
experience several symptoms. Some of the more common symptoms include:
⊲ Persistent sad, anxious, or “empty” mood most of the day, nearly every 
day, for at least 2 weeks
⊲ Feelings of hopelessness or pessimism
⊲ Feelings of irritability, frustration, or restlessness
⊲ Feelings of guilt, worthlessness, or helplessness
⊲ Loss of interest or pleasure in hobbies and activities
⊲ Fatigue or abnormal decrease in energy
⊲ Being restless or having trouble sitting still
How is postpartum depression different from “baby blues”?
“Baby blues” is a term used to describe mild and short-lasting mood 
changes and feelings of worry, unhappiness, and exhaustion that many 
women experience in the first 2 weeks after giving birth. Babies require 
around-the-clock care, so it’s normal for new mothers to feel tired or 
overwhelmed sometimes. 
Mood changes and feelings of anxiety or unhappiness that are severe 
or last longer than 2 weeks after childbirth may be signs of postpartum 
depression. Women with postpartum depression generally will not feel 
better without treatment.
⊲ Difficulty concentrating, 
remembering, or making decisions
⊲ Difficulty sleeping (even when the 
baby is asleep), waking early in the 
morning, or oversleeping
⊲ Abnormal changes in appetite or 
unplanned weight changes
⊲ Physical aches or pains, headaches, 
cramps, or digestive problems that 
do not have a clear physical cause 
and do not go away with treatment
⊲ Trouble bonding or forming an 
emotional attachment with the baby
⊲ Persistent doubts about the ability 
to care for the baby
⊲ Thoughts of death or harming 
oneself or the baby or suicide 
attempts
Women who experience any of these 
symptoms should see a health care 
provider. A provider can determine 
whether the symptoms are due to 
perinatal depression or something else.
What are the risk factors for perinatal depression?
Perinatal depression is a medical condition that can affect any pregnant or 
postpartum woman, regardless of age, race, ethnicity, income, culture, or 
education. A woman is not to blame or at fault for having perinatal depression: 
It is not caused by anything she has or has not done. 
Perinatal depression does not have a single cause. Research suggests that 
genetic and environmental factors contribute to the disorder. Specific factors 
contributing to perinatal depression can include:
⊲ Life stress (for example, demands at work or experiences of past trauma)
⊲ Physical and emotional demands of childbirth and caring for a new baby
⊲ Changes in hormones that occur during and after pregnancy 
In addition, women are at increased risk for perinatal depression if they have a 
personal or family history of depression or bipolar disorder or if they 
experienced depression with a previous pregnancy. Women with a history of 
perinatal depression should consult a health care provider to develop a plan for 
follow-up care in case a depressive episode reoccurs.
What is postpartum psychosis?
Postpartum psychosis is a 
serious mental illness that can 
occur after childbirth. Women 
with postpartum psychosis may 
experience delusions (thoughts 
or beliefs that are not true), 
hallucinations (seeing, hearing, 
or smelling things that are not 
there), mania (a high, elated 
mood that often seems out of 
touch with reality), paranoia,  
and confusion. 
Postpartum psychosis is a 
psychiatric emergency that 
requires hospitalization. Women 
experiencing symptoms of 
postpartum psychosis should 
seek immediate help by calling 
911 or going to the nearest 
emergency room. Recovery is 
possible with professional help.
How is perinatal depression treated?
Treating perinatal depression is critical for the health of the mother and her 
baby, as the disorder can have serious effects on both. However, with proper 
treatment, most women feel better and their symptoms improve.
Treatment for perinatal depression usually includes therapy, medication, or a 
combination of therapy and medication. 
Researchers continue to study treatment options for perinatal depression. A 
health care provider can explain the different treatments and help you choose 
the best one based on your symptoms. You can learn more about approaches 
for treating depression at www.nimh.nih.gov/depression.
Psychotherapy
Several types of psychotherapy (also called talk therapy or counseling) can help 
women with perinatal depression by teaching them new ways of thinking and 
behaving and helping them change habits that contribute to depression. 
Evidence-based therapies for perinatal depression include cognitive behavioral 
therapy and interpersonal therapy.
⊲ Cognitive behavioral therapy (CBT): With CBT, people learn to challenge 
and change unhelpful thoughts and behaviors to improve their depressive 
and anxious feelings. People also learn different ways of reacting to 
situations. CBT can be conducted individually or with a group of people 
who have similar concerns.
⊲ Interpersonal therapy (IPT): IPT is based on the idea that interpersonal and 
life events impact mood and vice versa. IPT aims to help people improve 
their communication skills within relationships, form social support 
networks, and develop realistic expectations to better deal with crises or 
other issues contributing to their depression.
For more information on psychotherapy, including what to look for in a therapist 
and how to find one, visit www.nimh.nih.gov/psychotherapies. 
The National Institute of Mental Health (NIMH) has information on ways 
to get help and find a health care provider or access treatment at 
www.nimh.nih.gov/findhelp.
If you or someone you know is struggling or having thoughts of suicide, call 
or text the 988 Suicide and Crisis Lifeline at 988 or chat at 988lifeline.org. 
In life-threatening situations, call 911.
Medication
Medications used for depression (antidepressants) can effectively treat 
perinatal depression when used alone or in combination with psychotherapy. 
Antidepressants work by changing how the brain produces or uses certain 
chemicals involved in mood or stress. 
Antidepressants take time—usually 4−8 weeks—to work. Problems with sleep, 
appetite, and concentration often improve before mood lifts. It is important to 
give a medication a chance to work before deciding whether it is right for you. 
You may need to try several medications to find the best one.
The U.S. Food and Drug Administration (FDA) has approved a medication 
called brexanolone specifically to treat severe postpartum depression. 
Brexanolone, which is administered through an IV during a brief hospital stay, 
appears to work differently than traditional antidepressants by rapidly altering 
a brain chemical that may play an important role in regulating the body’s 
vulnerability to depression and anxiety. 
More recently, the FDA approved a pill called zuranolone as the first oral 
medication for postpartum depression in adults. Zuranolone acts on similar 
brain receptors to brexanolone. In clinical trials, the pill reduced depressive 
symptoms in women with severe postpartum depression more quickly than 
traditional antidepressants. 
Note: In some cases, people under 25 years may experience an increase
in suicidal thoughts or behavior when taking antidepressants, especially in 
the first few weeks after starting or when the dose is changed. The FDA 
advises that patients of all ages taking antidepressants be watched closely, 
especially during the first few weeks of treatment.
The r
isk of birth defects and other problems for babies of mothers who take 
antidepressants during pregnancy is very low. However, women should always 
let a health care provider know if they are pregnant or nursing and work with 
the provider to minimize the baby’s exposure to medication and weigh the risks 
and benefits of available treatment options. More information on medications 
during and after pregnancy can be found at www.fda.gov/pregnancy.
All medications can have side effects. Talk to a health care provider before 
starting or stopping any medication. For more information on antidepressants, 
visit www.nimh.nih.gov/medications. 
You can also learn more about specific medications like brexanolone and 
zuranolone, including the latest approvals, side effects, warnings, and patient 
information, on the FDA website at www.fda.gov/drugsatfda. 
How can I find help for perinatal depression?
Visit a mental health professional 
If you think you have perinatal depression, start by making an appointment 
with a health care provider. This could be a primary care doctor or a mental 
health professional who specializes in diagnosing and treating mental 
disorders (for example, a psychologist, psychiatrist, or social worker). A health 
care provider will examine you and talk to you about treatment options and 
next steps, including options if you are pregnant or nursing. 
Communicating well with a health care provider can improve your care and 
help you both make good choices about your health. Find tips to help prepare 
for and get the most out of your visit at www.nimh.nih.gov/talkingtips. For 
additional resources, including questions to ask a provider, visit the Agency for 
Healthcare Research and Quality at www.ahrq.gov/questions.
The Substance Abuse and Mental Health Services Administration provides  
an online resource for finding mental health services in your area at  
https://findtreatment.gov. 
Join a support or advocacy group
Support or advocacy groups can be an important source of help and information. 
One example of this type of group is Postpartum Support International; you can 
find others through online searches. For more information about Postpartum 
Support International, visit www.postpartum.net . 
Contact the National Maternal Mental Health Hotline
This hotline offers free, confidential mental health support for mothers and their 
families before, during, and after pregnancy. Call or text 1-833-9-TLC-MAMA 
(1-833-852-6262 ) to connect with counselors 24 hours a day, 7 days a week. 
English- and Spanish-speaking counselors are available.
How can family and friends provide help for 
perinatal depression?
It is essential to understand that perinatal depression is a medical condition that 
impacts the mother, the child, and the family. Treatment is central to recovery. 
Spouses, partners, family members, and friends may be the first to recognize 
signs of depression in a new mother. Family and friends can provide help in 
many ways that include: 
⊲ Encouraging discussion with a health care provider 
⊲ Helping get to appointments 
⊲ Offering emotional or practical support
⊲ Assisting with daily tasks such as caring for the baby or home
Where can I learn more about depression in women?
The following agencies have additional information on depression in women:
 ⊲ Action Plan for Depression and Anxiety During Pregnancy and After 
Birth (Eunice Kennedy Shriver National Institute of Child Health and
Human Development) www.nichd.nih.gov/ncmhep/initiatives/moms-
mental-health-matters/moms/action-plan
⊲   Depression Among Women (Centers for Disease Control and Prevention) 
www.cdc.gov/reproductive-health/depression
⊲ Pe
rinatal Depression: Preventive Interventions (U.S. Preventive Services 
Task Force)  
www.uspreventiveservicestaskforce.org/uspstf/recommendation/
perinatal-depression-preventive-interventions
 ⊲ Postpartum Depression (Office on Women’s Health) www.womenshealth.
gov/mental-health/mental-health-conditions/postpartum-depression
 ⊲ Women and Depression (U.S. Food and Drug Administration)  
www.fda.gov/consumers/women/women-and-depression
For more information on postpartum depression, also see:
 ⊲ Postpartum Depression (MedlinePlus, National Library of Medicine) 
https://medlineplus.gov/postpartumdepression.html
 ⊲ Talking Postpartum Depression videos (Office on Women’s Health) 
www.womenshealth.gov/talkingPPD
What are clinical trials and why are they important?
Clinical trials are research studies that look at ways to prevent, detect, or  
treat diseases and conditions. These studies help show whether a treatment 
is safe and effective in people. Some people join clinical trials to help doctors 
and researchers learn more about a disease and improve health care. Other 
people, such as those with health conditions, join to try treatments that aren’t 
widely available. 
NIMH supports clinical trials across the United States. Talk to a health care 
provider about clinical trials and whether one is right for you. For more 
information, visit www.nimh.nih.gov/clinicaltrials. 
For more information
MedlinePlus (National Library of Medicine)  
https://medlineplus.gov 
https://medlineplus.gov/spanish (en español)
National Institute of Mental Health  
Office of Science Policy, Planning, and Communications  
6001 Executive Boulevard, MSC 9663 
Bethesda, MD 20892-9663 
Toll-free: 1-866-615-6464  
Email: nimhinfo@nih.gov  
Website: www.nimh.nih.gov 
En espanol: www.nimh.nih.gov/espanol 
Reprints 
The information in this publication is in the public domain and may be reused 
or copied without permission. However, you may not reuse or copy images. 
Please cite the National Institute of Mental Health as the source. Read our 
copyright policy to learn more about our guidelines for reusing NIMH content at 
www.nimh.nih.gov/copyright.
U.S. DEPARTMENT OF HEALTH AND HUMAN SERVICES  
National Institutes of Health 
NIH Publication No. 23-MH-8116 
Revised 2023"
adhd-2024.pdf,0,"Attention-Deficit/
Hyperactivity Disorder: 
What You Need to Know"
adhd-2024.pdf,1,"What is ADHD?
Attention-deficit/hyperactivity disorder (ADHD) is a developmental disorder marked by persistent 
symptoms of inattention, hyperactivity, and impulsivity. Some people mostly have symptoms of 
inattention. Others mostly have symptoms of hyperactivity and impulsivity. Some people have both 
types of symptoms. 
Symptoms begin in childhood and can interfere with daily life, including social relationships and 
school or work performance. ADHD is well-known among children and teens, but many adults also 
have the disorder. Effective treatments are available to manage symptoms. 
 What are the symptoms of ADHD?
People with ADHD may experience an ongoing pattern of:
 ► Inattention: Difficulty paying attention
 ► Hyperactivity : Showing too much energy or moving and talking too much
 ► Impulsivity: Acting without thinking or having difficulty with self-control
Signs of inattention can include frequent difficulty with :
 ► Paying attention to details, leading to careless mistakes at school, work, or during other activities
 ► Concentrating on tasks or activities, for instance, while having conversations, taking tests, 
completing assignments, or reading papers
 ► Listening when spoken to directly
 ► Following instructions or finishing tasks at school, work, or home 
 ► Organizing tasks and activities, managing time, and meeting deadlines
 ► Completing tasks that require sustained attention, such as homework, large projects, and 
complicated forms 
 ► Losing things, such as backpacks, books, keys, wallets, and phones
 ► Getting easily distracted by unrelated thoughts or stimuli
 ► Forgetting about daily activities, such as chores, errands, and events, or other important things, like 
assignments, appointments, and phone calls
Signs of hyperactivity and impulsivity can include often :
 ► Fidgeting, tapping hands or feet, or squirming while seated
 ► Moving around when expected to remain seated, such as in the classroom or office, or feeling 
restless in these situations
 ► Running, climbing, or moving around at times when it is not appropriate 
 ► Being constantly “on the go” and acting as if driven by a motor
 ► Being unable to quietly play or take part in hobbies and activities 
 ► Talking excessively 
 ► Answering questions before they are fully asked or finishing other people’s sentences
 ► Struggling to wait or be patient, such as when playing a game or waiting in line
 ► Interrupting or intruding on others, for example, in conversations, games, or meetings
What causes ADHD?
Researchers are not sure what causes ADHD, although many studies suggest that genes play a large 
role. Like many other disorders, ADHD probably results from a combination of factors. 
In addition to genetics, researchers are looking at differences in brain development and neurobiology 
among people with ADHD compared to those without the disorder. They are also studying 
environmental factors that might increase the risk of developing ADHD, including brain injuries, 
nutrition, and social environments.
How is ADHD diagnosed? 
Based on their specific symptoms, a person can be diagnosed with one of three types of ADHD:
 ► Inattentive: Mostly symptoms of inattention but not hyperactivity or impulsivity
 ► Hyperactive-impulsive : Mostly symptoms of hyperactivity and impulsivity but not inattention
 ► Combined: Symptoms of both inattention and hyperactivity and impulsivity
ADHD symptoms must begin in childhood (before age 12). Symptoms often continue into the teen 
years and adulthood. The criterion for a diagnosis differs slightly based on age.  
 ► Children up to 16 years must show at least six symptoms of inattention, hyperactivity and 
impulsivity, or both.
 ► Adults and youth over 16 years must show at least five symptoms of inattention, hyperactivity 
and impulsivity, or both.
To be diagnosed with ADHD, a person’s symptoms must also:
 ► Occur for at least 6 months
 ► Be present in two or more settings (for example, at home, at work, in school, or with friends)
 ► Interfere with or impair social, school, or work functioning
Stress, sleep disorders, anxiety, depression, and other physical conditions or illnesses can cause 
similar symptoms to those of ADHD. A health care provider needs to do a thorough evaluation to 
determine the cause of symptoms, make a diagnosis, and identify effective treatments.
Primary care providers sometimes diagnose and treat ADHD, or they may refer the person to a mental 
health professional. During an evaluation, a provider usually:
 ► Examines the person’s mental health and medical history, including their mood and past or current 
health conditions.
 ► Looks at the person’s current or, if an adult, childhood behavior and school experiences. To obtain 
this information, the provider may ask for permission to talk with family, friends, partners, teachers, 
and others who know the person well and have seen them in different settings to learn about 
behaviors and experiences at home, school, or elsewhere.
 ► Uses standardized behavior rating scales or ADHD symptom checklists to determine whether the 
person meets the criteria for a diagnosis of ADHD.
 ► Administers psychological tests that look at cognitive skills, such as working memory, executive 
functioning (abilities such as planning and decision-making), visual and spatial abilities, or 
reasoning. Such tests can help identify psychological or cognitive (thinking-related) strengths and 
challenges and identify or rule out possible learning disabilities.
Does ADHD look the same in everyone?
Anyone can have ADHD. However, boys and men tend to display more hyperactive and impulsive 
symptoms, while girls and women are more likely to be diagnosed with inattentive ADHD. 
ADHD can also be diagnosed at any age, although symptoms must have begun in childhood (before 
age 12). Adults with ADHD often have a history of problems with school, work, and relationships. 
ADHD symptoms may change as a person gets older. 
 ► Children show hyperactivity and impulsivity as the most common symptoms. As academic and 
social demands increase, symptoms of inattention often become more prominent and begin to 
interfere with academic performance and peer relationships. 
 ► Adolescents usually show less hyperactivity and may appear as restless or fidgeting. Symptoms of 
inattention and impulsivity typically continue and may cause academic, organizational, or relationship 
challenges. Teens with ADHD are more likely to engage in impulsive, risky behaviors, such as 
substance use and unsafe sexual activity. 
 ► Adults, including older adults,  can show inattention, restlessness, and impulsivity, although, in 
some people, those symptoms become less severe and less impairing. They may also be irritable, 
have a low tolerance for frustration and stress, or experience frequent or intense mood changes. 
Some adults may not have been diagnosed with ADHD when younger because their teachers or 
family did not recognize the disorder, they had a mild form of the disorder, or they managed well until 
experiencing the demands of adulthood. But it is never too late to seek a diagnosis and treatment for 
ADHD and other mental health conditions that may co-occur with it. Effective treatment can make 
day-to-day life easier for people with ADHD and their families.
How is ADHD treated?
Although there is no cure for ADHD, current treatments may help reduce symptoms and improve 
functioning. Common treatments for ADHD are medication, psychotherapy, and other behavioral 
interventions. For children, treatment often includes parent education and school-based programs. 
Researchers are studying new treatments for people with ADHD, such as cognitive training and 
neurofeedback. These options are usually explored only after medication and psychotherapy have 
already been tried. For many people, treatment involves a combination of elements.
Medication
Stimulants are the most common type of medication used to treat ADHD, and research shows them to 
be highly effective. They work by increasing levels of brain chemicals involved in thinking and attention. 
Like all medications, stimulants can have side effects and must be prescribed and monitored by a 
health care provider. Tell the provider about other medications you or your child are taking. 
Medications for common health problems, such as diabetes, anxiety, and depression, can interact 
with stimulants, in which case, a provider can suggest other medication options. 
Health care providers sometimes prescribe nonstimulant medications like antidepressants to treat 
ADHD. However, the U.S. Food and Drug Administration (FDA) has not approved these medications 
specifically for ADHD. Sometimes, a person must try several different medications or dosages before 
finding the one that works for them.
NIMH has information on stimulants and other mental health medications at www.nimh.nih.gov/
medications. You can learn more about specific medications, including the latest approvals, side 
effects, warnings, and patient information, on the FDA website at www.fda.gov/drugsatfda . 
Psychotherapy and behavioral interventions 
Psychological interventions for ADHD can take many forms and be combined with medication and 
other elements for parents, families, and teachers. Adding therapy to an ADHD treatment plan can 
help some people better cope with daily challenges, gain confidence, or manage impulsive and risky 
behaviors. 
Therapy is especially helpful if ADHD co-occurs with other mental disorders, such as anxiety, 
depression, conduct problems, or substance use disorders. You can learn about other mental 
disorders at www.nimh.nih.gov/health .
Several psychosocial interventions have been shown to help manage symptoms and improve 
functioning. 
 ► Behavioral therapy helps a person change their behavior. It might involve practical assistance, such 
as organizing tasks or completing schoolwork, learning social skills, or monitoring one’s behavior. 
 ► Cognitive behavioral therapy helps a person become aware of attention and concentration 
challenges and work on skills to improve focus and organization and complete daily tasks (for 
instance, by breaking large tasks into smaller, more manageable steps).
 ► Family and marital therapy helps family members learn to handle disruptive behaviors, encourage 
behavior changes, and improve interactions with children and partners.
Some people find it helpful to get support from a professional life coach or ADHD coach who can 
teach them skills to improve daily functioning. 
For more information on psychotherapy, including what to look for in a therapist and how to find one, 
visit www.nimh.nih.gov/psychotherapies .
Parent education and support
Therapy for children and teens requires parents to play an active role. Treatment sessions with the 
child alone are more likely to be effective for treating symptoms of anxiety or depression that may 
co-occur with ADHD than for managing core symptoms of the disorder. 
Mental health professionals can educate parents about the disorder and how it affects a family. They 
also can help parents develop new skills, attitudes, and ways of relating to their child. Examples 
include parenting skills training, stress management techniques for parents, and support groups that 
help parents and families connect with others who have similar concerns.
School-based programs
Many children and teens with ADHD benefit from school-based behavioral interventions and 
academic accommodations. Interventions include behavior management plans or classroom-taught 
organizational and study skills. Accommodations include preferential seating in the classroom, 
reduced classwork, and extended time on tests and exams. Schools may provide accommodations 
through what is called a 504 Plan or, for children who qualify for special education services, an 
Individualized Education Plan (IEP).  
To learn more about special education services and the Individuals with Disabilities Education Act, 
visit https://idea.ed.gov.  
Cognitive training
Cognitive training approaches involve repeatedly using a program or activity over several  
weeks to improve specific functions, such as memory or attention. Exercises are tailored to the 
person’s ongoing performance. 
Cognitive training is shown to modestly improve the tasks being practiced. For instance, research shows 
the training can help memory, attention, inhibition, planning, and cognitive flexibility in people with 
ADHD. However, these improvements don’t usually translate to changes in core ADHD symptoms of 
impulsivity and hyperactivity.
Neurofeedback
Neurofeedback is a noninvasive technique in which an electronic device monitors and records a 
person’s brain activity, providing them with immediate feedback to support self-regulation. The 
device measures brain activity through such means as EEG or fMRI scans and feeds the information 
back to the person, usually in the form of a computer screen or visual cue. Through this feedback, 
people learn to self-regulate their brain activity to directly alter the associated behavior. The 
assumption is that, with repeated, real-time information, people can change their internal brain 
activity, with observable effects on behavior and cognition. 
For people with ADHD, neurofeedback is used to train and improve specific cognitive functions. 
Although it is shown to help reduce some ADHD symptoms, the effects of neurofeedback remain 
lower than those seen from medication and psychotherapy. Additional research is needed to refine 
the treatment and determine for whom it works and under what conditions.
Complementary health approaches
Some people may explore complementary health approaches to manage symptoms of ADHD. These 
can include natural products, vitamins and supplements, diet changes, and acupuncture. Others find  
it helpful to make lifestyle changes, like adding more physical exercise to their daily schedule.
Unlike psychotherapy and medication that are scientifically shown to improve ADHD symptoms, 
complementary health approaches generally have not been found to treat ADHD effectively and do 
not qualify as evidence-supported interventions. 
For more information, visit the National Center for Complementary and Integrative Health at  
www.nccih.nih.gov/health/attention-deficit-hyperactivity-disorder-at-a-glance . 
How can I find help?
If you’re unsure of where to get help, a health care provider is a good place to start. They can refer 
you to a qualified mental health professional, such as a psychologist, psychiatrist, or clinical social 
worker, who can help figure out the next steps. Find tips for talking with a health care provider about 
your or your child’s mental health at www.nimh.nih.gov/talkingtips . 
The Centers for Disease Control and Prevention (CDC) has information about ADHD symptoms, diagnosis, 
and treatment, as well as additional resources for families and providers, at www.cdc.gov/adhd .
The Substance Abuse and Mental Health Services Administration (SAMHSA) also has resources  
for finding support at https://findsupport.gov  and locating mental health services in your area at  
https://findtreatment.gov . For additional resources, visit www.nimh.nih.gov/findhelp . 
How can I help myself?
Medication and therapy are the most effective treatments for ADHD. Other strategies may also help 
manage symptoms.
 ► Get regular exercise, especially when feeling hyperactive or restless.
 ► Eat regular, healthy meals.
 ► Get plenty of sleep. Try to turn off screens at least 1 hour before bedtime and get between 
7–9 hours of sleep every night.
 ► Stick to a consistent routine. 
 ► Work on time management and organization. Prioritize time-sensitive tasks and write down 
assignments, messages, appointments, reminders, and important thoughts. 
 ► Take short breaks during tasks that require sustained attention to help maintain focus and prevent 
burnout. Break large tasks into smaller, more manageable steps.
 ► Connect with people and maintain relationships. Schedule activities with friends, particularly 
supportive people who understand your challenges with ADHD. 
 ► Take medications as directed. Avoid alcohol, tobacco, and drugs not prescribed for you.
How can I help my child?
 ► Be patient, flexible, and understanding. ADHD can be frustrating both for people who have it and 
the people in their lives. ADHD may make it hard for your child to perform certain tasks or 
behaviors. Some children may need to use different strategies to help them succeed.  
 ► Use clear, simple, direct language to explain rules and expectations. Reward behaviors that meet 
these expectations with positive reinforcement. Provide consistent praise or rewards for acting in a 
desired way.
 ► Offer practical help, such as on tasks like cleaning and organizing, or simply be present and 
engaged while your child works, which can give them a sense of accountability and motivation and 
help them stay focused and on track.
 ► Provide opportunities to explore different activities and interests. Help your child discover their 
unique talents and build confidence in their abilities.
If you or someone you know is struggling or having thoughts of suicide, call or text the  
988 Suicide and Crisis Lifeline at 988  or chat at 988lifeline.org. In life-threatening situations, 
call 911.
Clinical trials
Clinical trials are research studies that look at ways to prevent, detect, or treat diseases and 
conditions. These studies help show whether a treatment is safe and effective in people. Some 
people join clinical trials to help doctors and researchers learn more about a disease and improve 
health care. Other people, such as those with health conditions, join to try treatments that aren’t 
widely available.
NIMH supports clinical trials across the United States. Talk to a health care provider about clinical 
trials and whether one is right for you. For more information, visit www.nimh.nih.gov/clinicaltrials . 
For more information
Learn more at www.nimh.nih.gov/health . For information about various health topics, visit the 
National Library of Medicine’s MedlinePlus resource at https://medlineplus.gov.
Contact us
National Institute of Mental Health  
Office of Science Policy, Planning, and Communications 
60
01 Executive Boulevard, MSC 9663  
Bethesda, MD 20892-9663  
Phone: 1-866-615-6464  
Email: nimhinfo@nih.gov  
Website: www.nimh.nih.gov  
En español: www.nimh.nih.gov/espanol 
Reprints
The information in this publication is in the public domain and may be reused or copied without 
permission. However, you may not reuse or copy images. Please cite the National Institute of Mental 
Health as the source. Read our copyright policy to learn more about our guidelines for reusing NIMH 
content at www.nimh.nih.gov/copyright. 
U.S. DEPARTMENT OF HEALTH AND HUMAN SERVICES 
National Institutes of Health 
NIH Publication No. 24-MH-8300 
2
024"
post-traumatic-stress-disorder_1.pdf,0,"Post-Traumatic 
Stress Disorder"
post-traumatic-stress-disorder_1.pdf,1,"What is post-traumatic stress disorder, or PTSD?
It is natural to feel afraid during and after a traumatic situation. Fear is a part  
of the body’s “fight-or-flight” response, which helps us avoid or respond to 
potential danger. People may experience a range of reactions after trauma,  
and most will recover from their symptoms over time. Those who continue  
to experience symptoms may be diagnosed with post-traumatic stress  
disorder (PTSD). 
Who develops PTSD?
Anyone can develop PTSD at any age. This includes combat veterans and 
people who have experienced or witnessed a physical or sexual assault, abuse, 
an accident, a disaster, a terror attack, or other serious events. People who have 
PTSD may feel stressed or frightened, even when they are no longer in danger.
Not everyone with PTSD has been through a dangerous event. Sometimes, 
learning that a relative or close friend experienced trauma can cause PTSD.
About 6 of every 100 people will experience PTSD at some point in their 
lifetime, according to the National Center for PTSD, a U.S. Department of 
Veterans Affairs program. Women are more likely than men to develop PTSD. 
Certain aspects of the traumatic event and biological factors (such as genes) 
may make some people more likely to develop PTSD.
What are the symptoms of PTSD?
Symptoms of PTSD usually begin within 3 months of the traumatic event, but they 
sometimes emerge later. To meet the criteria for PTSD, a person must have 
symptoms for longer than 1 month, and the symptoms must be severe enough 
to interfere with aspects of daily life, such as relationships or work. The 
symptoms also must be unrelated to medication, substance use, or other illness.
The course of the disorder varies. Although some people recover within 
6 months, others have symptoms that last for 1 year or longer. People with PTSD 
often have co-occurring conditions, such as depression, substance use, or one 
or more anxiety disorders.
After a dangerous event, it is natural to have some symptoms. For example, 
some people may feel detached from the experience, as though they are 
observing things as an outsider rather than experiencing them. A mental health 
professional—such as a psychiatrist, psychologist, or clinical social worker—can 
determine whether symptoms meet the criteria for PTSD.
To be diagnosed with PTSD, an adult must have all of the following for at 
least 1 month:
 ● At least one re-experiencing symptom
 ● At least one avoidance symptom
 ● At least two arousal and reactivity symptoms
 ● At least two cognition and mood symptoms
Re-experiencing symptoms
 ● Flashbacks—reliving the traumatic event, including physical symptoms, such 
as a racing heart or sweating
 ● Recurring memories or dreams related to the event
 ● Distressing thoughts
 ● Physical signs of stress
Thoughts and feelings can trigger these symptoms, as can words, objects, or 
situations that are reminders of the event.
Avoidance symptoms
 ● Staying away from places, events, or objects that are reminders of the experience
 ● Avoiding thoughts or feelings related to the traumatic event
Avoidance symptoms may cause people to change their routines. For example, 
some people may avoid driving or riding in a car after a serious car accident.
Arousal and reactivity symptoms
 ● Being easily startled
 ● Feeling tense, on guard, or on edge
 ● Having difficulty concentrating
 ● Having difficulty falling asleep or staying asleep
 ● Feeling irritable and having angry or aggressive outbursts
 ● Engaging in risky, reckless, or destructive behavior
Arousal symptoms are often constant. They can lead to feelings of stress and 
anger and may interfere with parts of daily life, such as sleeping or eating.
Cognition and mood symptoms
 ● Trouble remembering key features of the traumatic event
 ● Negative thoughts about oneself or the world
 ● Exaggerated feelings of blame directed toward oneself or others
 ● Ongoing negative emotions, such as fear, anger, guilt, or shame
 ● Loss of interest in previous activities
 ● Feelings of social isolation
 ● Difficulty feeling positive emotions, such as happiness or satisfaction
Cognition and mood symptoms can begin or worsen after the traumatic event. 
They can lead people to feel detached from friends or family members.
How do children and teens react to trauma?
Children and teens can have extreme reactions to traumatic events, but their 
symptoms may not be the same as those seen in adults. In children younger 
than age 6, symptoms can include:
 ● Wetting the bed after having learned to use the toilet
 ● Forgetting how to talk or being unable to talk
 ● Acting out the scary event during playtime
 ● Being unusually clingy with a parent or other adult
Older children and teens usually show symptoms more like those seen in adults. 
They also may develop disruptive, disrespectful, or destructive behaviors. Older 
children and teens may feel guilt over not preventing injury or death, or have 
thoughts of revenge.
For more information on helping children and adolescents cope with traumatic 
events, see www.nimh.nih.gov/helpchildrencope.
Why do some people develop PTSD and other people 
do not?
Not everyone who lives through a dangerous event develops PTSD—many 
factors play a part. Some of these factors are present before the trauma; others 
play a role during and after a traumatic event.
Risk factors that may increase the likelihood of developing PTSD include:
 ● Exposure to previous traumatic experiences, particularly during childhood
 ● Getting hurt or seeing people hurt or killed
 ● Feeling horror, helplessness, or extreme fear
 ● Having little or no social support after the event
 ● Dealing with stressors after the event, such as the loss of a loved one, pain 
and injury, or loss of a job or home
 ● Having a personal history or family history of mental illness or substance use
Resilience factors that may reduce the likelihood of developing PTSD include:
 ● Seeking out and receiving support from friends, family, or support groups
 ● Learning to feel okay with one’s actions in response to a traumatic event
 ● Having a coping strategy for getting through and learning from a  
traumatic event
 ● Being prepared and able to respond to upsetting events as they occur, 
despite feeling fear
How is PTSD treated?
It is important for people with PTSD symptoms to work with a mental health 
professional who has experience treating PTSD. The main treatments are 
psychotherapy, medications, or a combination of psychotherapy and medications. 
An experienced mental health professional can help people find the best 
treatment plan for their symptoms and needs.
Some people with PTSD, such as those in abusive relationships, may be living 
through ongoing trauma. In these cases, treatment is usually most effective 
when it addresses both the traumatic situation and the symptoms of PTSD. 
People who experience traumatic events or who have PTSD may also experience 
panic disorder, depression, substance use, or suicidal thoughts. Treatment for 
these conditions can help with recovery after trauma. Research shows that 
support from family and friends also can be an essential part of recovery.
For tips to help prepare and guide you in talking to your health care provider 
about your mental health, visit www.nimh.nih.gov/talkingtips.
Psychotherapy
Psychotherapy, sometimes called talk therapy, includes a variety of treatment 
techniques that mental health professionals use to help people identify and 
change troubling emotions, thoughts, and behaviors. Psychotherapy can provide 
support, education, and guidance to people with PTSD and their families. 
Treatment can take place one on one or in a group setting and usually lasts 6 to 
12 weeks but can last longer.
Some types of psychotherapy target PTSD symptoms, while others focus on 
social, family, or job-related problems. Effective psychotherapies often 
emphasize a few key components, including learning skills to help identify 
triggers and manage symptoms.
A common type of psychotherapy called cognitive behavioral therapy can 
include exposure therapy and cognitive restructuring.
 ● Exposure therapy helps people learn to manage their fear by gradually 
exposing them, in a safe way, to the trauma they experienced. As part of 
exposure therapy, people may think or write about the trauma or visit the 
place where it happened. This therapy can help people with PTSD reduce 
symptoms that cause them distress.
 ● Cognitive restructuring helps people make sense of the traumatic event. 
Sometimes people remember the event differently from how it happened, or 
they may feel guilt or shame about something that is not their fault. Cognitive 
restructuring can help people with PTSD think about what happened in a 
realistic way.
Learn more about psychotherapy at www.nimh.nih.gov/psychotherapies.
Medications
The U.S. Food and Drug Administration (FDA) has approved two selective 
serotonin reuptake inhibitors (SSRIs), a type of antidepressant medication, for 
the treatment of PTSD. SSRIs may help people manage PTSD symptoms, such 
as sadness, worry, anger, and feeling emotionally numb. Health care providers 
may prescribe SSRIs and other medications along with psychotherapy. Some 
medications may help treat specific PTSD symptoms, such as sleep problems 
and nightmares.
People should work with their health care providers to find the best medication 
or combination of medications and the right dose. Read the latest medication 
warnings, patient medication guides, and information on newly approved 
medications on the FDA website at www.fda.gov/drugsatfda.
How can I find help?
The Substance Abuse and Mental Health Services Administration 
(SAMHSA) provides an online resource for finding mental health services  
in your area at https://findtreatment.gov. For additional resources, visit  
www.nimh.nih.gov/findhelp.
If you or someone you know is struggling or having thoughts of  
suicide, call or text the 988 Suicide and Crisis Lifeline at 988 or chat  
at 988lifeline.org. In life-threatening situations, call 911.
What can I do to help myself?
You can get better with treatment. Here are some things you can do to  
help yourself:
 ● Talk with your health care provider about treatment options and follow your 
treatment plan.
 ● Engage in exercise, mindfulness, or other activities that help reduce stress.
 ● Try to maintain routines for meals, exercise, and sleep.
 ● Set realistic goals and focus on what you can manage.
 ● Spend time with trusted friends or relatives and tell them about things that 
may trigger symptoms.
 ● Expect your symptoms to improve gradually, not immediately.
 ● Avoid the use of alcohol or drugs.
How can I help a loved one with PTSD?
If you know someone who may be experiencing PTSD, the most important 
thing you can do is to help that person get the right diagnosis and treatment. 
Some people may need help making an appointment with their health care 
provider; others may benefit from having someone accompany them to their 
health care visits.
If a close friend or relative is diagnosed with PTSD, you can encourage them to 
follow their treatment plan. If their symptoms do not improve after 6 to 8 weeks, 
you can encourage them to talk about it with their health care provider. You  
also can:
 ● Offer emotional support, understanding, patience, and encouragement.
 ● Learn about PTSD so you can understand what your friend is experiencing.
 ● Listen carefully. Pay attention to the person’s feelings and the situations that 
may trigger PTSD symptoms.
 ● Share positive distractions, such as walks, outings, and other activities.
Where can I find more information on PTSD?
The National Center for PTSD, a program of the U.S. Department of Veterans 
Affairs, is the leading federal center for research and education on PTSD and 
traumatic stress. You can find information about PTSD, treatment options, 
getting help, and additional resources for families, friends, and providers at 
www.ptsd.va.gov.
Are there clinical trials studying PTSD?
NIMH supports a wide range of research, including clinical trials that look at new 
ways to prevent, detect, or treat diseases and conditions—including PTSD. 
Although individuals may benefit from being part of a clinical trial, participants 
should be aware that the primary purpose of a clinical trial is to gain new 
scientific knowledge so that others may be better helped in the future.
Researchers at NIMH and around the country conduct clinical trials with patients 
and healthy volunteers. Talk to a health care provider about clinical trials, their 
benefits and risks, and whether one is right for you. For more information, visit 
www.nimh.nih.gov/clinicaltrials.
Reprints
The information in this publication is in the public domain and may be reused or 
copied without permission. However, you may not reuse or copy the images. 
Please cite the National Institute of Mental Health as the source. Read our 
copyright policy to learn more about our guidelines for reusing NIMH content at 
www.nimh.nih.gov/copyright.
For more information
NIMH website 
www.nimh.nih.gov 
www.nimh.nih.gov/espanol (en español)
MedlinePlus (National Library of Medicine)  
https://medlineplus.gov 
https://medlineplus.gov/spanish (en español)
ClinicalTrials.gov  
www.clinicaltrials.gov 
https://salud.nih.gov/investigacion-clinica (en español)
National Institute of Mental Health 
Office of Science Policy, Planning, and Communications 
6001 Executive Boulevard 
Room 6200, MSC 9663 
Bethesda, MD 20892-9663 
Toll-free: 1-866-615-6464  
Email: nimhinfo@nih.gov  
Website: www.nimh.nih.gov
U.S. DEPARTMENT OF HEALTH AND HUMAN SERVICES  
National Institutes of Health 
NIH Publication No. 23-MH-8124 
Revised 2023"
Social Anxiety Disorder_ What You Need to Know - National Institute of Mental Health (NIMH).pdf,0,"The National Institute of Mental Health: https://www.nimh.nih.gov/health/publications/social-anxiety-disorder-more-than-just-shyness
Social Anxiety Disorder: What You Need to Know
En español
What is social anxiety disorder?
Social anxiety disorder is a common type of anxiety disorder. A person with social anxiety disorder feels symptoms of anxiety or fear in situations
where they may be scrutinized, evaluated, or judged by others, such as speaking in public, meeting new people, dating, being on a job interview,
answering a question in class, asking for help, or having to talk to a cashier in a store. Doing everyday things, such as eating or drinking in front of
others or using a public restroom, may also cause anxiety or fear due to concerns about being humiliated, judged, or rejected.
This fear often feels uncontrollable and can interfere with daily life. People with social anxiety disorder may worry about engaging in social
situations for weeks before they happen. Sometimes, they end up avoiding places or events that cause distress or generate feelings of
embarrassment. In some cases, anxiety may arise only during performance situations such as giving a speech, competing in a sports game, or
playing a musical instrument on stage.
Social anxiety disorder usually starts during childhood or adolescence and may resemble extreme shyness or avoidance of public situations or
social interactions. It occurs more frequently in women than in men, and this difference is more pronounced in adolescents and young adults.
With the right treatment and support, people with social anxiety disorder can manage their anxiety and improve their quality of life.
What are the signs and symptoms of social anxiety disorder?
When having to perform in front of or be around others, people with social anxiety disorder may:
Blush, sweat, or tremble
Have a rapid heart rate
Feel their “mind going blank,” or feel sick to their stomach
Have a rigid body posture or speak with an overly soft voice
Find it difficult to make eye contact, be around people they don’t know, or talk to people in social situations, even when they want to
Feel self-consciousness or fear that people will judge them negatively
Avoid places where there are other people or situations where they may have to interact with others
Analyze their performance and identify self-perceived flaws in interactions
Expect the worst possible consequences from a negative social situation
Children and teens with social anxiety disorder may experience similar symptoms to adults, but also may:
Try to avoid going to school
Have difficulty making friends
Complain of stomachaches or headaches
Have emotional outbursts in social situations
Refuse to speak or participate in social situations
For all people with social anxiety disorder, symptoms may fluctuate over time and are often worse during times of significant stress or change.
Avoiding situations that cause anxiety may feel helpful in the short term, but the anxiety is likely to remain without treatment.
Is it normal stress or an anxiety disorder?
Life can be stressful—a person may feel stressed about a demanding job, a performance at school, or a life change. Everyone feels stress
from time to time.
Remove from Print
07/09/2025, 22:21 Social Anxiety Disorder: What You Need to Know - National Institute of Mental Health (NIMH)
https://www.nimh.nih.gov/health/publications/social-anxiety-disorder-more-than-just-shyness 1/4
Stress is the physical or mental response to an external cause, such as having a lot of homework or having an illness. A stressor may be a
one-time or short-term occurrence, or it can happen repeatedly over a long time.
Anxiety is the body's reaction to stress and can occur even if there is no current threat.
While occasional stress and anxiety are normal, they shouldn’t control your life. If anxiety doesn’t go away and begins to interfere with your
daily activities, you may have an anxiety disorder. Learn more about stress.
What causes social anxiety disorder?
Social anxiety disorder may run in families, but no one knows for sure why some family members have it while others don’t. Researchers have
found that several parts of the brain are involved in fear and anxiety, and genetics influences how these brain areas function. In addition,
researchers are looking at the role that stress and environmental factors play in the disorder.
How is social anxiety disorder diagnosed?
To be diagnosed with social anxiety disorder, a person must have strong fear or anxiety about social situations where they might be judged or
scrutinized by others. They may try to avoid these situations or face them with extreme discomfort. These feelings must last at least 6 months
and interfere with daily life, such as work, school, or relationships.
If you think you’re experiencing symptoms of social anxiety disorder, talk to a health care provider, such as a primary care doctor, psychiatrist,
psychologist, or clinical social worker. During the visit, the provider may ask when your symptoms began, how long they have lasted, how often
they occur, and their impact on your life. After discussing your history, the provider may conduct a physical exam to ensure that an unrelated
physical problem is not causing your symptoms.
What other illnesses can co-occur with social anxiety disorder?
Some people with social anxiety disorder have other mental and physical health disorders or conditions, including depression, other anxiety
disorders, obsessive-compulsive disorder, attention-deficit/hyperactivity disorder (ADHD), body dysmorphic disorder, or bipolar disorder. Social
anxiety disorder is also commonly associated with alcohol and substance misuse.
People with social anxiety disorder are less likely to seek help from a health care provider for diagnosis or treatment. Providers often identify the
disorder when treating a person for a co-existing condition.
The presence of multiple disorders can make treatment more complex, and people with social anxiety disorder and co-occurring mental
disorders may benefit from a comprehensive treatment plan that addresses all aspects of their mental health.
How is social anxiety disorder treated?
Treatment for social anxiety disorder typically involves psychotherapy, medication, or both. Choosing the right treatment plan is based on a
person’s needs, preferences, and medical situation, as well as consultation with a mental health professional or a health care provider. Finding
the best treatment may take trial and error, and psychotherapy and medication can take some time to work.
Psychotherapy
Psychotherapy (also called talk therapy or counseling) can be effective when delivered in person or virtually via telehealth. A provider may
support or supplement therapy using digital or mobile technology, like apps or other tools. Different therapies work for different types of people.
Cognitive behavioral therapy (CBT), a research-supported type of psychotherapy, is commonly used to treat social anxiety disorder. CBT teaches
a person different ways of thinking, behaving, and reacting to situations to help them feel less anxious and fearful. CBT also can help a person
learn and practice social skills, which is very important for treating social anxiety disorder. CBT has been well studied and is the “gold standard”
choice for psychotherapy.
07/09/2025, 22:21 Social Anxiety Disorder: What You Need to Know - National Institute of Mental Health (NIMH)
https://www.nimh.nih.gov/health/publications/social-anxiety-disorder-more-than-just-shyness 2/4
Exposure therapy is a CBT method that focuses on progressively confronting the fears underlying an anxiety disorder to help a person engage in
activities they have been avoiding. Exposure therapy may be used along with relaxation exercises. CBT delivered in a group therapy format also
can offer unique benefits for social anxiety disorder.
Another treatment option for social anxiety disorder is acceptance and commitment therapy (ACT). ACT takes a different approach than CBT,
encouraging nonjudgmental acceptance of thoughts and behaviors and promoting engagement in meaningful activities. ACT uses strategies such
as mindfulness and goal setting to reduce a person’s discomfort and anxiety. There is a growing body of research demonstrating its effectiveness
for treating social anxiety disorder.
Learn more about psychotherapy.
Medication
Health care providers may prescribe medication to treat social anxiety disorder. Different types of medication can be effective in treating this
disorder, including:
Antidepressants, such as selective serotonin reuptake inhibitors (SSRIs) and serotonin-norepinephrine reuptake inhibitors (SNRIs)
Beta-blockers
Anti-anxiety medications, such as benzodiazepines
SSRI and SNRI antidepressants are commonly used to treat depression, but they also can help treat the symptoms of social anxiety disorder.
They may take several weeks to start working. Antidepressants may also cause side effects, such as headaches, nausea, or difficulty sleeping.
These side effects are usually not severe, especially if the dose starts low and is increased slowly over time.
Beta-blockers can help control some of the physical symptoms of social anxiety disorder, such as rapid heart rate, sweating, and tremors. Beta-
blockers are commonly the medication of choice for the “performance anxiety” type of social anxiety disorder.
Benzodiazepines, which are anti-anxiety sedative medications, are powerful and begin working right away to reduce anxious feelings. These
medications can be very effective in rapidly decreasing anxiety, but some people build up a tolerance to them and need increasing doses to get
the same effect. Some people even become dependent on them. Therefore, a health care provider may prescribe them only for brief periods of
time.
Learn more about mental health medications. Read the most up-to-date information on medications, side effects, and warnings on the U.S. Food
and Drug Administration (FDA) website .
Support groups
Some people with social anxiety find support groups helpful. In a group of people who all have social anxiety disorder, a person can receive
unbiased, honest feedback about how others perceive them. This allows them to learn that their thoughts about judgment and rejection may not
be true or are distorted. A person can also learn how others with social anxiety disorder approach and overcome the fear of social situations.
Support groups are available both in person and online. However, any advice you receive from a support group member should be used
cautiously and does not replace treatment recommendations from a health care provider.
Healthy habits
Practicing a healthy lifestyle also can help combat anxiety, although this alone cannot replace treatment. Make sure to get enough sleep and
exercise, eat a healthy diet, and turn to family and friends you trust for support. Learn more ways to take care of your mental health.
How can I support myself or a loved one with social anxiety disorder?
Educate yourself
A good way to help yourself or a loved one who may be struggling with social anxiety disorder is to seek information. Research the signs and
symptoms, learn about treatment options, and keep up to date with current research.
07/09/2025, 22:21 Social Anxiety Disorder: What You Need to Know - National Institute of Mental Health (NIMH)
https://www.nimh.nih.gov/health/publications/social-anxiety-disorder-more-than-just-shyness 3/4
Communicate
If you are experiencing social anxiety disorder symptoms, have an honest conversation about how you’re feeling with someone you trust. If you
think a friend or family member may be struggling with social anxiety disorder, set aside a time to talk with them to express your concern and
reassure them of your support.
Know when to seek help
If your anxiety, or the anxiety of a loved one, starts to cause problems in everyday life—such as avoiding social situations at school, at work, or
with friends and family—it’s time to seek professional help.
Practice compassion
Be kind and patient with yourself and others. Acknowledge progress, no matter how small, and recognize that managing social anxiety disorder
may involve setbacks along the way.
How can I find help?
If you have concerns about your mental health, talk to a primary care provider. They can refer you to a qualified mental health professional, such
as a psychologist, psychiatrist, or clinical social worker, who can help you figure out the next steps. Find  tips for talking with a health care
provider about your mental health.
You can learn more about getting help on the NIMH website. You can also learn about finding support  and locating mental health services  in
your area on the Substance Abuse and Mental Health Services Administration (SAMHSA) website.
If you or someone you know is struggling or having thoughts of suicide, call or text the 988 Suicide & Crisis Lifeline  at 988 or chat at
988lifeline.org . In life-threatening situations, call 911.
What are clinical trials and why are they important?
Clinical trials are research studies that look at ways to prevent, detect, or treat diseases and conditions. These studies help show whether a
treatment is safe and effective in people. Some people join clinical trials to help doctors and researchers learn more about a disease and improve
health care. Other people, such as those with health conditions, join to try treatments that aren’t widely available.
NIMH supports clinical trials across the United States. Talk to a health care provider about clinical trials and whether one is right for you. Learn
more about participating in clinical trials.
For more information
Learn more about mental health disorders and topics. For information about various health topics, visit the National Library of Medicine’s
MedlinePlus  resource.
Reprints
The information in this publication is in the public domain and may be reused or copied without permission. However, you may not reuse or copy
images. Please cite the National Institute of Mental Health as the source. Read our copyright policy to learn more about our guidelines for reusing
NIMH content.
U.S. Department of Health and Human Services
National Institutes of Health
Revised 2025
07/09/2025, 22:21 Social Anxiety Disorder: What You Need to Know - National Institute of Mental Health (NIMH)
https://www.nimh.nih.gov/health/publications/social-anxiety-disorder-more-than-just-shyness 4/4"
schizophrenia_1.pdf,0,"National Institute
of Mental Health
Schizophrenia
What is schizophrenia?
Schizophrenia is a serious mental illness that affects how a person thinks, 
feels, and behaves. People with schizophrenia may appear to have lost touch 
with reality, which can be distressing for them and their family and friends. 
The symptoms of schizophrenia can make it difficult to participate in usual, 
everyday activities, but effective treatments are available. Treatment can help 
people remain in school, maintain employment, achieve independence, and 
enjoy personal relationships.
What are the signs and symptoms of schizophrenia?
It’s important to recognize the symptoms of schizophrenia and seek help as 
early as possible. People with schizophrenia are usually diagnosed between 
the ages of 16 and 30, after the first episode of psychosis. Starting treatment 
as soon as possible following the first episode of psychosis is an important 
step toward recovery. However, research shows that gradual changes in 
thinking, mood, and social functioning often appear before the first episode of 
psychosis. Schizophrenia is rare in younger children.
Schizophrenia symptoms can differ from person to person, but they generally 
fall into three main categories: psychotic, negative, and cognitive.
Psychotic symptoms
Psychotic symptoms include changes in the way a person thinks, acts, and 
experiences the world. A person experiencing psychotic symptoms often has 
disrupted thoughts and perceptions, and they may have difficulty recognizing 
what is real and what is not. For some people, these symptoms come and go. 
For others, the symptoms become stable over time. Psychotic symptoms 
include hallucinations, delusions, and thought disorder.
 ► Hallucinations are when a person sees, hears, smells, tastes, or feels 
things that are not there. Hearing voices is common among people with 
schizophrenia. People who hear voices may hear them for a long time 
before family or friends notice a problem.
 ► Delusions are when a person has strong beliefs that are not objectively 
true and may seem irrational to others. For example, individuals 
experiencing delusions may believe that people on the radio and television 
are sending special messages that require a certain response, or they may 
believe that they are in danger or that others are trying to hurt them.
 ► Thought disorder is when a person has ways of thinking that are unusual 
or illogical. People with thought disorder may have trouble organizing their 
thoughts and speech. They may stop talking in the middle of a thought, 
jump from topic to topic, or make up words that have no meaning.
Negative symptoms
Negative symptoms include loss of motivation, loss of interest or enjoyment 
in daily activities, withdrawal from social life, difficulty showing emotions, and 
difficulty functioning normally. Negative symptoms include:
 ► Having trouble planning and sticking with routine activities, such as 
grocery shopping
 ► Having trouble anticipating and being motivated by pleasure in  
everyday life
 ► Talking in a dull voice and showing limited facial expression
 ► Avoiding social interaction or interacting in socially awkward ways
 ► Having very low energy and spending a lot of time in passive activities. In 
extreme cases, a person might stop moving or talking for periods of time, 
which is a rare condition called catatonia.
These negative symptoms are sometimes mistaken for symptoms of 
depression or other mental illnesses.
Cognitive symptoms
Cognitive symptoms include problems with attention, concentration, and 
memory. These symptoms can make it hard to follow a conversation, learn 
new things, or remember appointments. A person’s level of cognitive 
functioning is one of the best predictors of their day-to-day functioning. 
Health care providers use specific tests to evaluate cognitive functioning. 
Cognitive symptoms include:
 ► Having trouble processing information to make decisions
 ► Having trouble using information immediately after learning it
 ► Having trouble focusing or paying attention
Risk of violence
Most people with schizophrenia are not violent. Overall, people with 
schizophrenia are more likely than those without the illness to be harmed by 
others. For people with schizophrenia, the risk of self-harm and violence to 
others is most significant when the illness is untreated or co-occurs with 
alcohol or substance misuse. It is important to help people who are showing 
symptoms get treatment as quickly as possible.
Schizophrenia vs. dissociative identity disorder
Although some of the symptoms may seem similar on the surface, 
schizophrenia is not dissociative identity disorder (which used to be called 
multiple personality disorder or split personality). People with dissociative 
identity disorder have two or more independent identities  with distinct 
behaviors and memories.
What causes schizophrenia?
Several factors may contribute to a person’s risk of developing schizophrenia.
Genes
Schizophrenia sometimes runs in families. However, just because one family 
member has schizophrenia, it does not mean that other members of the family 
also will have it. Studies suggest that many different genes may increase a 
person’s chances of developing schizophrenia and that no single gene causes 
the disorder by itself.
Environment 
Research suggests that a combination of genetic factors and aspects of a 
person’s environment and life experiences may play a role in the development 
of schizophrenia. These environmental factors may include poverty, stressful 
or dangerous surroundings, and exposure to viruses or nutritional problems 
before birth.
Brain structure and function 
Research shows that people with schizophrenia may be more likely to have 
subtle differences in the size of certain brain areas and in connections 
between brain areas. Some of these brain differences may develop before 
birth. Researchers are working to better understand how brain structure and 
function may relate to schizophrenia.
How is schizophrenia treated?
Current treatments for schizophrenia focus on helping individuals manage 
their symptoms, improve day-to-day functioning, and achieve personal  
life goals, such as completing education, pursuing a career, and having 
fulfilling relationships.
Antipsychotic medication
Antipsychotic medication can help make psychotic symptoms less intense and 
less frequent. This type of medication is usually taken every day in a pill or liquid 
form. Some forms may be given as an injection once or twice a month. To learn 
more about antipsychotic medication, visit www.nimh.nih.gov/medications.
If a person’s symptoms do not improve with usual antipsychotic medication, 
they may be prescribed clozapine. People who take clozapine must have 
regular blood tests to check for a potentially dangerous side effect that occurs 
in 1% to 2% of patients.
People respond to antipsychotic medication in different ways. It is important 
to report any side effects to a health care provider. Many people taking 
antipsychotic medication experience side effects such as weight gain, dry 
mouth, restlessness, and drowsiness when they start taking these 
medications. Some side effects may go away over time, while others may last.
Do not stop taking a medication without first talking to a health care 
provider. They can work with you to monitor your health and adjust your 
treatment plan safely and effectively. Some people may need to try several 
medications before finding the one that works best.
Read the most up-to-date information on medications, side effects, and 
warnings on the U.S. Food and Drug Administration (FDA) website at  
www.fda.gov/drugsatfda.
Psychosocial treatments
Psychosocial treatments help people find solutions to everyday challenges 
and manage symptoms while attending school, working, and forming 
relationships. These treatments are often used together with antipsychotic 
medication. People who participate in regular psychosocial treatment are less 
likely to have symptoms reoccur or to be hospitalized.
Examples of this kind of treatment include cognitive behavioral therapy, 
behavioral skills training, supported employment, and cognitive remediation 
interventions.
Learn more about psychosocial treatments and therapies at  
www.nimh.nih.gov/psychotherapies.
Family education and support
Educational programs can help family and friends learn about symptoms  
of schizophrenia, treatment options, and strategies for helping loved ones 
with the illness. These programs can help friends and family manage their 
own distress, boost their coping skills, and strengthen their ability to  
provide support.
Coordinated specialty care
Coordinated specialty care (CSC) programs are recovery-focused programs 
for people with first episode psychosis, an early stage of schizophrenia. 
Health professionals and specialists work together as a team to provide CSC, 
which includes psychotherapy, medication, case management, employment 
and education services, and family education and support. The treatment 
team works collaboratively with the individual to make treatment decisions, 
involving family members as much as possible.
Compared with typical care, CSC is more effective in reducing symptoms, 
improving quality of life, and increasing involvement in work or school.
Assertive community treatment
Assertive community treatment is designed to help individuals with 
schizophrenia who are likely to experience multiple hospitalizations or 
homelessness. This type of treatment is usually delivered by a team of  
health care providers who work together to provide care to patients in  
the community.
Treatment for drug and alcohol misuse 
People with schizophrenia may also have problems with drugs and alcohol. 
A treatment program that includes treatment for both schizophrenia and 
substance use is important for recovery because substance use can interfere 
with treatment for schizophrenia.
How can I find help?
If you have concerns about your mental health, talk to a primary care provider. 
They can refer you to a qualified mental health professional, such as a 
psychologist, psychiatrist, or clinical social worker, who can help you figure 
out the next steps. Find tips for talking with a health care provider about your 
mental health at www.nimh.nih.gov/talkingtips.
You can learn more about getting help at www.nimh.nih.gov/findhelp. The 
Substance Abuse and Mental Health Services Administration (SAMHSA) 
provides information about finding support at https://findsupport.gov  and 
locating mental health services in your area at https://findtreatment.gov.
If you or someone you know is struggling or having thoughts of 
suicide, call or text the 988 Suicide and Crisis Lifeline at 988 or chat at 
988lifeline.org. In life-threatening situations, call 911.
How can I help a friend or relative 
with schizophrenia?
It can be difficult to know how to help someone who is experiencing 
psychosis. Here are some things you can do:
 ► Help them get treatment and encourage them to stay in treatment.
 ► Remember that their beliefs or hallucinations seem very real to them.
 ► Be respectful, supportive, and kind without tolerating dangerous or 
inappropriate behavior.
 ► Look for support groups and family education programs, such as  
those offered by the National Alliance on Mental Illness at  
www.nami.org/Support-Education.
Clinical trials
Clinical trials are research studies that look at ways to prevent, detect, or treat 
diseases and conditions. These studies help show whether a treatment is safe 
and effective in people. Some people join clinical trials to help doctors and 
researchers learn more about a disease and improve health care. Other 
people, such as those with health conditions, join to try treatments that aren’t 
widely available.
NIMH supports clinical trials across the United States. Talk to a health care 
provider about clinical trials and whether one is right for you. For more 
information, visit www.nimh.nih.gov/clinicaltrials.
For more information
Learn more by visiting NIMH’s website at www.nimh.nih.gov/health. For 
information on a wide variety of health topics, visit the National Library of 
Medicine’s MedlinePlus resource at https://medlineplus.gov.
Contact us
National Institute of Mental Health  
Office of Science Policy, Planning, and Communications 
6001 Executive Boulevard, MSC 9663 
Bethesda, MD 20892-9663 
Phone: 1-866-615-6464  
Email: nimhinfo@nih.gov
 
Website: www.nimh.nih.gov 
En español: www.nimh.nih.gov/espanol
Reprints
The information in this publication is in the public domain and may be reused 
or copied without permission. However, you may not reuse or copy images. 
Please cite the National Institute of Mental Health as the source. Read our 
copyright policy to learn more about our guidelines for reusing NIMH content 
at www.nimh.nih.gov/copyright.
U.S. DEPARTMENT OF HEALTH AND HUMAN SERVICES  
National Institutes of Health 
NIH Publication No. 24-MH-8082 
Revised 2024
National Institute
of Mental Health"
warning-signs-of-suicide.pdf,0,"WARNING SIGNS OF SUICIDE:
The behaviors listed below may be some of the signs that 
someone is thinking about suicide.
TALKING ABOUT:
 Wanting to die
 Great guilt or shame
 Being a burden 
to
 others
FEELING: 
 Empty, hopeless, trapped, or having 
no r
eason to live
 Extremely sad, more anxious, agitated, 
or full of rage
 Unbearable emotional or physical pain
CHANGING BEHAVIOR, SUCH AS:
 Making a plan or 
researching ways to die
 Withdrawing from friends, 
saying goodbye, giving 
away important items,  
or making a will
 Taking dangerous risks such as 
driving extremely fast
 Displaying extreme mood swings
 Eating or sleeping more or less
 Using drugs or alcohol more often
If these warning signs apply to you or someone you know,  
get help as soon as possible, particularly if the behavior is new 
or ha
s increased recently.
988 Suicide & Crisis Lifeline 
Call or text 988 
Chat at 
988lifeline.org
National Institute
of Mental Health
www.nimh.nih.gov/suicideprevention
NIMH Identifier No. OM 25-4316"
seasonal-affective-disorder-508.pdf,0,"Seasonal 
Affective 
Disorder
What is seasonal affective disorder?
Many people go through short periods when they feel sad or 
unlike their usual selves. Sometimes, these mood changes 
begin and end when the seasons change. Many people feel 
“down” or have the “winter blues” when the days get shorter 
in the fall and winter and feel better in the spring when 
longer daylight hours return.
Sometimes, these mood changes are more serious and can 
affect how a person feels, thinks, and behaves. If you have 
noticed significant changes in your mood and behavior when 
the seasons change, you may be experiencing seasonal 
affective disorder (SAD).
In most cases, SAD symptoms start in the late fall or early 
winter and go away during the spring and summer, known as 
winter-pattern SAD or winter depression. Other people 
experience depressive symptoms during the spring and 
summer months, known as summer-pattern SAD or summer 
depression. Summer-pattern SAD is less common. 
What are the signs and symptoms  
of SAD?
SAD is a type of depression characterized by a recurrent 
seasonal pattern, with symptoms lasting about 4−5 months 
out of the year. The signs and symptoms of SAD include 
those associated with depression as well as disorder-specific 
symptoms that differ for winter-pattern versus summer-
pattern SAD. 
Not every person with SAD experiences all the symptoms 
listed below. Learn more about signs and symptoms of 
depression at www.nimh.nih.gov/depression. 
Symptoms of depression can include:
 ● Persistent sad, anxious, or “empty” mood most of the day, 
nearly every day, for at least 2 weeks
 ● Feelings of hopelessness or pessimism
 ● Feelings of irritability, frustration, or restlessness
 ● Feelings of guilt, worthlessness, or helplessness
 ● Loss of interest or pleasure in hobbies and activities 
 ● Decreased energy, fatigue, or feeling slowed down
 ● Difficulty concentrating, remembering, or making decisions
 ● Changes in sleep or appetite or unplanned weight changes
 ● Physical aches or pains, headaches, cramps, or digestive 
problems that do not have a clear physical cause and do 
not go away with treatment
 ● Thoughts of death or suicide or suicide attempts
For winter-pattern SAD, additional symptoms can include:
 ● Oversleeping (hypersomnia)
 ● Overeating, particularly with a craving for carbohydrates, 
leading to weight gain
 ● Social withdrawal (feeling like “hibernating”)
For summer-pattern SAD, additional symptoms can include:
 ● Trouble sleeping (insomnia)
 ● Poor appetite, leading to weight loss
 ● Restlessness and agitation
 ● Anxiety
 ● Violent or aggressive behavior
Winter-pattern SAD should not be confused with “holiday 
blues”—feelings of sadness or anxiety brought on by 
stresses at certain times of the year. The depression 
associated with SAD is related to changes in daylight hours, 
not the calendar, so stresses associated with the holidays or 
predictable seasonal changes in work or school schedules, 
family visits, and so forth are not the same as SAD.
The National Institute of Mental Health (NIMH) has 
information on ways to get help and find a health care 
provider or access treatment at www.nimh.nih.gov/
findhelp. 
If you or someone you know is struggling or having 
thoughts of suicide, call or text the 988 Suicide and 
Crisis Lifeline at 988 or chat at 988lifeline.org. In  
life-threatening situations, call 911 .
The Substance Abuse and Mental Health Services 
Administration has an online tool to help you  
find mental health services in your area at  
https://findtreatment.gov.
From the NATIONAL INSTITUTE of  MENTAL HEALTH 
How is SAD diagnosed?
If you or someone you know is showing symptoms of SAD, 
talk to a health care provider or a mental health specialist 
about your concerns. They may have you fill out a 
questionnaire to determine if your symptoms meet the 
criteria for SAD.
To be diagnosed with SAD, a person must meet the 
following criteria:
 ● They have the symptoms of depression or the more specific 
symptoms of winter- or summer-pattern SAD listed above.
 ● Their depressive episodes occur during specific seasons 
(winter or summer) for at least 2 consecutive years. 
However, not all people with SAD experience symptoms 
every year.
 ● Their depressive episodes during the specific season are 
more frequent than depressive episodes experienced at 
other times of the year.
Who develops SAD?
It is estimated that millions of Americans experience SAD, 
although many may not know they have this common 
disorder. In most cases, SAD begins in young adulthood.
SAD occurs much more often in women than in men. 
Winter-pattern SAD also occurs more often than summer-
pattern SAD. Therefore, SAD is more common in people 
living farther north, where there are shorter daylight hours in 
the winter. For example, people in Alaska or New England 
are more likely to develop SAD than people in Texas or Florida. 
SAD is more common in people with depression or bipolar 
disorder, especially bipolar II disorder, which involves 
repeated depressive episodes and hypomanic episodes 
(less severe than the typical manic episodes of bipolar I 
disorder). Additionally, people with SAD tend to have other 
mental disorders, such as attention-deficit/hyperactivity 
disorder, eating disorder, anxiety disorder, or panic disorder. 
Learn more about these disorders at www.nimh.nih.gov/health.
SAD sometimes runs in families and may be more common 
in people who have relatives with other mental illnesses, 
such as depression or schizophrenia.
What causes SAD?
Researchers are still determining what causes SAD. Most 
research to date has investigated potential causes of 
winter-pattern SAD because it is more common and easier 
to study. As a result, less is known about summer-pattern 
SAD, and more research is needed.
Studies indicate that people with SAD, especially winter-
pattern SAD, have reduced levels of the brain chemical 
serotonin, which helps regulate mood. Research also 
suggests that sunlight affects levels of molecules that help 
maintain normal serotonin levels. Shorter daylight hours may 
prevent these molecules from functioning properly, 
contributing to decreased serotonin levels in the winter.
Vitamin D deficiency may exacerbate these problems in 
people with winter-pattern SAD because vitamin D is 
believed to promote serotonin activity. In addition to vitamin 
D consumed in food, the body produces vitamin D when 
exposed to sunlight on the skin. With less daylight in the 
winter, people with SAD may have lower vitamin D levels, 
further reducing serotonin activity.
Other studies suggest that both forms of SAD relate to 
altered levels of melatonin—a hormone important for 
maintaining the normal sleep−wake cycle. People with 
winter-pattern SAD produce too much melatonin, which can 
increase sleepiness and lead to oversleeping. 
In contrast, people with summer-pattern SAD may have 
reduced melatonin levels, consistent with long, hot days 
worsening sleep quality and leading to depression 
symptoms. Longer daylight hours, shorter nights, and high 
temperatures can also cause sleep disruptions. However, 
these theories have not been systematically tested. 
Both serotonin and melatonin help maintain the body’s daily 
rhythm tied to the seasonal night−day cycle. In people with 
SAD, changes in serotonin and melatonin disrupt normal 
daily rhythms. As a result, they can no longer adjust to 
seasonal changes in day length, leading to sleep, mood, and 
behavior changes.
Negative thoughts and feelings about the winter or summer 
and its associated limitations and stresses are also common 
among people with SAD (as well as others). It is unclear, 
however, whether these thoughts are causes or effects of the 
mood disorder, but they can be a useful focus of treatment.
How is SAD treated?
Treatments are available to help people with SAD. They fall 
into four main categories that can be used alone or in 
combination:
 ● Light therapy
 ● Psychotherapy 
 ● Antidepressant medication
 ● Vitamin D
Light therapy and vitamin D are treatments for winter-pattern 
SAD, whereas psychotherapy and antidepressants are used 
to treat depression in general, including winter- and summer-
pattern SAD. There are no treatments specific to summer-
pattern SAD. 
Talk to a health care provider about the potential benefits 
and risks of different treatment options and which treatment 
is best for you. NIMH has tips for talking with a health care 
provider at www.nimh.nih.gov/talkingtips .
Light therapy
Since the 1980s, light therapy has been a mainstay for treating 
winter-pattern SAD. It aims to expose people with SAD to a 
bright light to make up for the diminished natural sunlight in 
darker months.
For this treatment, the person sits in front of a very bright 
light box (10,000 lux) every day for about 30−45 minutes, 
usually first thing in the morning, from fall to spring. The light 
box, which is about 20 times brighter than ordinary indoor 
light, filters out the potentially damaging UV light, making 
this a safe treatment for most. However, people with certain 
eye diseases or people taking certain medications that 
increase sensitivity to sunlight may need to use alternative 
treatments or use light therapy under medical supervision.
Psychotherapy
Psychotherapy (also called talk therapy or counseling) can help 
people with SAD by teaching them new ways of thinking and 
behaving and changing habits that contribute to depression. 
Cognitive behavioral therapy (CBT) is a type of psychotherapy 
aimed at helping people learn to challenge and change 
unhelpful thoughts and behaviors to improve their depressive 
and anxious feelings. CBT has been adapted for people with 
SAD (known as CBT-SAD). CBT-SAD is typically conducted in 
two weekly group sessions for 6 weeks that focus on replacing 
negative thoughts related to the season, such as thoughts 
about the darkness of winter or the heat of summer, with 
more positive thoughts. CBT-SAD also uses a process called 
behavioral activation, which helps people identify and 
schedule pleasant, engaging indoor or outdoor activities to 
offset the loss of interest they typically experience in the 
winter or summer.
When researchers directly compared CBT-SAD with light 
therapy, both treatments were equally effective in improving 
SAD symptoms—although some symptoms got better 
slightly faster with light therapy than CBT. However, a 
long-term study that followed SAD patients for two winters 
found that the positive effects of CBT seemed to last longer. 
Learn more about psychotherapy at www.nimh.nih.gov/
psychotherapies. 
Antidepressant medication
Medications used to treat depression (antidepressants) can 
be effective for SAD when used alone or in combination with 
talk therapy. Antidepressants work by changing how the brain 
produces or uses certain chemicals involved in mood or stress. 
Antidepressants take time—usually 4−8 weeks—to work. 
Problems with sleep, appetite, and concentration often improve 
before mood lifts. It is important to give a medication a chance 
to work before deciding whether it is right for you. You may 
need to try several medications to find the one that works best.
Because SAD, like other types of depression, is associated with 
disturbances in serotonin activity, antidepressant medications 
called selective serotonin reuptake inhibitors are sometimes 
used to treat symptoms. These medications can significantly 
enhance a person’s mood. 
The U.S. Food and Drug Administration (FDA) has approved 
an antidepressant called bupropion in an extended-release 
form designed to last longer in the body. For many people, 
bupropion can prevent the recurrence of seasonal depressive 
episodes when taken daily from the fall through early spring.
All medications can have side effects. Talk to a health care 
provider before starting or stopping any medication. Learn 
more about antidepressants at www.nimh.nih.gov/medications. 
You can also learn about specific medications like bupropion, 
including the latest approvals, side effects, warnings, and 
patient information, on the FDA website at www.fda.gov/
drugsatfda. 
Vitamin D
Because many people with winter-pattern SAD have vitamin D 
deficiency, vitamin D supplements may help improve symptoms. 
However, studies testing vitamin D as a treatment for SAD 
have produced mixed results, with some studies indicating 
that it is as effective as light therapy and other studies 
finding no effect.
Talk to a health care provider about any dietary supplements 
and prescription or over-the-counter medications you are 
taking. Vitamin D can interact with some medications."
seasonal-affective-disorder-508.pdf,1,"For more information
MedlinePlus (National Library of 
Medicine) 
https://medlineplus.gov   
https://medlineplus.gov/spanish 
(en español)
ClinicalTrials.gov  
www.clinicaltrials.gov  
https://salud.nih.gov/investigacion-
clinica (en español)
Reprints
NIH Publication No. 23-MH-8138  
Revised 2023
Follow NIMH on  
Social Media @NIMHgov
Can SAD be prevented?
Because the onset of SAD is so predictable, people with a 
history of the disorder might benefit from starting the 
treatments mentioned above before the fall (for winter-
pattern SAD) or spring (for summer-pattern SAD) to help 
prevent or reduce depression symptoms. To date, few 
studies have investigated whether SAD can be prevented. 
It is helpful to discuss a personalized treatment plan with 
a health care provider. A provider can help you decide not 
only the best treatment option but the best timing to help 
prevent SAD depressive episodes. 
What are clinical trials and why are 
they important?
Clinical trials are research studies that look at new ways to 
prevent, detect, or treat diseases and conditions. These 
studies help researchers determine if a new treatment is 
safe and effective in people. The main purpose of a clinical 
trial is to gain new scientific knowledge so that others may 
be better helped in the future.
People volunteer for clinical trials for many reasons. Some 
people join clinical trials to help doctors and researchers 
learn more about a disease and improve health care. Other 
people, such as those with health conditions, join to try new 
or advanced treatments that aren’t widely available.
NIMH supports clinical trials at the National Institutes of 
Health campus in Bethesda, Maryland, and across the 
United States. Talk to a health care provider about clinical 
trials, their benefits and risks, and whether one is right for 
you. For more information, visit www.nimh.nih.gov/
clinicaltrials.
The information in this publication 
is in the public domain and may be 
reused or copied without permission. 
However, you may not reuse or copy 
images. Please cite the National 
Institute of Mental Health as the 
source. Read our copyright policy  
to learn more about our guidelines  
for reusing NIMH content at  
www.nimh.nih.gov/copyright.
National Institute of Mental Health  
Office of Science Policy, Planning,  
and Communications  
6001 Executive Boulevard, MSC 9663 
Bethesda, MD 20892-9663 
Toll-free: 1-866-615-6464  
Email: nimhinfo@nih.gov  
Website: www.nimh.nih.gov"
disruptive-mood-dysregulation-disorder-the-basics_1.pdf,0,"From the NATIONAL INSTITUTE of  MENTAL HEALTH 
What is disruptive mood 
dysregulation disorder?
Disruptive mood dysregulation disorder (DMDD) is a 
condition in which children or adolescents experience 
ongoing irritability, anger, and frequent, intense temper 
outbursts. The symptoms of DMDD go beyond a “bad 
mood.” DMDD symptoms are severe. 
Youth with DMDD experience significant problems at 
home, at school, and often with peers. They also tend 
to require mental health care services, including 
doctor visits and sometimes hospitalization. 
Additionally, these children are at an increased risk of 
developing anxiety and depression in the future. 
DMDD can be treated. If you are concerned that your 
child may have DMDD, talk to your child’s pediatrician 
or health care provider.
What are the signs and symptoms 
of DMDD? 
Children or adolescents with DMDD experience: 
• Severe temper outbursts (verbal or behavioral), on 
average, 3 or more times per week 
• Outbursts and tantrums that have been happening 
regularly for at least 12 months 
• Chronically irritable or angry mood most of the day, 
nearly every day 
• Trouble functioning due to irritability in more than 
one place, such as at home, at school, or with peers
Youth with DMDD are diagnosed between the ages of 
6 and 10. To be diagnosed with DMDD, a child must have 
experienced symptoms steadily for 12 or more months. 
Over time, as children grow and develop, the symptoms 
of DMDD may change. For example, an adolescent 
or young adult with DMDD may experience fewer 
tantrums, but they may begin to exhibit symptoms of 
depression or anxiety. For this reason, treatment may 
change over time, too. 
Children with DMDD may have trouble in school and 
difficulty maintaining healthy relationships with family 
or peers. They also may have a hard time in social 
settings or participating in activities such as team 
sports. If you think your child has DMDD, seeking a 
diagnosis and treatment is essential.
Did you know? 
DMDD was added to the Diagnostic and 
Statistical Manual of Mental Disorders (DSM-5) 
in 2013. The DSM is used to assess and diagnose 
mental disorders. For more information on DMDD, 
visit www.nimh.nih.gov/dmdd. 
What is the difference between 
typical and severe irritability? 
All children can become irritable sometimes. 
It’s a normal reaction to frustration. Children 
experiencing severe irritability (as observed in 
DMDD) have difficulty tolerating frustration and 
have outbursts that are out of proportion to the 
situation at hand. These outbursts occur more 
often and are more severe than expected for 
children their age. 
For example, a parent tells the child to stop 
playing a game and do their homework. Any 
child might be frustrated or annoyed. But a child 
with DMDD may become extremely upset and 
emotional and have an intense temper outburst 
with yelling or hitting. A child with DMDD 
experiences these intense temper outbursts a 
few times a week.
Disruptive Mood 
Dysregulation 
Disorder: The Basics
How is DMDD diagnosed? 
If you think your child may be experiencing symptoms 
of DMDD, talk to your child’s health care provider. 
Describe your child’s behavior, and report what you 
have observed and learned from talking with others, 
such as their teacher or counselor. 
An evaluation by your child’s health care provider can 
help clarify problems underlying your child’s behavior, 
and the provider may recommend next steps. You can 
also ask your health care provider for a referral to a 
mental health professional with experience working 
with children and adolescents. DMDD symptoms also 
can occur at the same time as other disorders 
associated with irritability, such as attention-deficit/
hyperactivity disorder (ADHD) or anxiety disorders. 
An accurate diagnosis is vital for effective treatment.
For more information about the diagnosis and 
treatment of children, visit www.nimh.nih.gov/
childrenandmentalhealth. If you need help 
identifying a provider in your area, call the 
Substance Abuse and Mental Health Services 
Administration (SAMHSA) Treatment Referral Helpline 
at 1-800-662-HELP (4357). SAMHSA also has an 
online tool at https://findtreatment.gov that you can 
search by location. For more information on how to 
find help for you, a friend, or a family member, visit 
www.nimh.nih.gov/findhelp.
How is DMDD treated? 
DMDD is a relatively new disorder; few DMDD-specific 
treatment studies have been conducted. Current 
treatments are primarily based on what has been 
helpful for other childhood disorders associated with 
irritability, such as ADHD, oppositional defiant disorder, 
and anxiety disorders. 
Treatment for DMDD generally includes certain types 
of psychotherapy (sometimes called talk therapy) and 
sometimes medications. In many cases, psychotherapy 
is considered first, with medication added later. 
However, at times, providers recommend that children 
receive both psychotherapy and medication at the 
start of their treatment. 
NIMH is funding studies focused on improving these 
treatments and identifying new treatments specifically 
for DMDD. Parents or caregivers should work closely 
with their child’s health care provider to make treatment 
decisions that are best for their child. 
Psychotherapy 
Cognitive behavioral therapy (CBT) targets the 
relationship between thoughts, behaviors, and feelings 
and is often effective in treating anger and disruptive 
behavior. Researchers at NIMH are also using CBT to 
help children increase their ability to tolerate frustration 
without having an outburst. This therapy teaches 
coping skills for controlling anger and ways to identify 
and relabel the distorted perceptions that contribute 
to outbursts.
Parent training teaches parents or caregivers more 
effective ways to respond to irritable behavior, such 
as anticipating events that might lead a child to temper 
outbursts and working ahead to avert them. Training 
also emphasizes the importance of predictable and 
consistent responses to a child’s outbursts and 
rewards for positive behavior.
To learn more about psychotherapy, visit www.nimh.
nih.gov/psychotherapies. 
Medication 
Currently, there are no medications approved by the 
U.S. Food and Drug Administration (FDA) specifically 
for treating children or adolescents with DMDD. 
However, health care providers may prescribe certain 
medications—such as stimulants, antidepressants, 
and atypical antipsychotics—to help relieve your 
child’s DMDD symptoms. 
All medications have side effects. Monitor and report 
your child’s side effects and review the medications 
frequently with your child’s health care provider. Visit 
the FDA website at www.fda.gov/drugsatfda for the 
most up-to-date information on medications, side 
effects, and warnings."
disruptive-mood-dysregulation-disorder-the-basics_1.pdf,1,"• Stimulants are often used to treat ADHD, and 
research suggests that stimulant medications also 
may decrease irritability in youth with DMDD.
• Antidepressants
 are sometimes used to treat 
irritability and mood problems that children with 
DMDD may experience. One small study suggests 
that citalopram (a serotonin reuptake inhibitor
 
antidepressant), combined with the stimulant  
methylphenidate, may decrease irritability in youth 
with DMDD. Please note: Antidepressants may 
increase suicidal thoughts and behaviors in youth,
 
who should be monitored closely by their health 
care provider.
•
medications for treating irritability associated with 
autism, and they are sometimes used to treat 
DMDD. However, because these medications can 
cause unwanted side effects, they’re usually only 
tried when other approaches haven’t worked.
Certain atypical antipsychotic medications are used 
to treat children with irritability, severe outbursts, or 
aggression. The FDA has approved these
Tips for parents and caregivers 
Being a parent or caregiver for a child or 
adolescent with DMDD can be stressful and 
overwhelming. To help build a supportive 
environment for you and your child, you may want 
to consider the following: 
Learn as much as you can about the disorder. 
Talk to your child’s health care provider or mental 
health professional. Ask questions about 
treatment options, including risks and benefits. 
You can find additional information about DMDD 
(including the latest news, videos, and information 
about clinical trials) at www.nimh.nih.gov/DMDD. 
Talk to your child’s teacher, counselor, or school 
psychologist. 
Together, you may develop strategies, plans, and 
accommodations to help your child thrive in 
school. For more information, check out www.
nimh.nih.gov/childrenandmentalhealth. 
Find ways to manage your stress. 
Take practical steps to manage your stress to 
avoid the risk of negative health effects. For tips, 
visit www.nimh.nih.gov/stress. 
Seek additional support and professional help. 
Parents and caregivers may be able to find 
resources and encouragement through their local 
chapter of the National Alliance on Mental Illness 
(www.nami.org/findsupport), the National 
Federation of Families (www.ffcmh.org), Mental 
Health America (www.mhanational.org), and 
other organizations. 
Communicate regularly and effectively with your 
child’s health care provider. 
For tips to help you prepare for your child’s 
appointment, visit www.nimh.nih.gov/talkingtips. 
For additional resources, including questions to 
ask your health care provider, visit the Agency 
for Healthcare Research and Quality website at 
www.ahrq.gov/questions."
disruptive-mood-dysregulation-disorder-the-basics_1.pdf,2,"NIH Publication No. 23-MH-8119 
Revised 2023
Follow NIMH on  
social media @NIMHgov
Reprints
The information in this publication is in the public 
domain and may be reused or copied without 
permission. However, you may not reuse or copy 
images. Please cite the National Institute of Mental 
Health as the source. Read our copyright policy to 
learn more about our guidelines for reusing NIMH 
content at www.nimh.nih.gov/copyright. 
For more information
MedlinePlus (National Library of Medicine)  
https://medlineplus.gov   
https://medlineplus.gov/spanish (en español) 
National Institute of Mental Health  
O
ffice of Science Policy, Planning, and 
Communications 
6
001 Executive Boulevard, MSC 9663  
Bethesda, MD 20892-9663   
Toll-free: 1-866-615-6464  
Email: nimhinfo@nih.gov  
w
ww.nimh.nih.gov 
 What are clinical trials and why are they important? 
Children are not little adults, yet they are often given 
medications and treatments that have been tested 
only in adults. Research shows that, compared to 
adults, children respond differently to medications 
and treatments, both physically and mentally. The 
way to get the best treatments for children is through 
research designed specifically for them. 
Clinical trials are research studies that look at ways 
to prevent, detect, or treat diseases and conditions. 
These studies help show whether a treatment is safe 
and effective in people. Some people join clinical 
trials to help doctors and researchers learn more 
about a disease and improve health care. Other 
people, such as those with health conditions, join to 
try treatments that aren’t widely available. 
NIMH supports clinical trials across the United States. 
Talk to a health care provider about clinical trials 
and whether one is right for your child. For more 
information, visit www.nimh.nih.gov/clinicaltrials."
bipolar-disorder-in-teens-and-young-adults.pdf,0,"National Institute
of Mental Health
www.nimh.nih.gov/bipolardisorder
Bipolar Disorder in Teens and 
Young Adults: Know the Signs
Bipolar disorder is a mental illness that causes unusual and extreme 
shifts in mood, marked by episodes of mania and depression.  
During these episodes, symptoms last for days or weeks at a time.
If you or someone you know is struggling or having thoughts of suicide, help is available.
For crisis counseling and support, 
call or text 
988 
(988 Suicide & Crisis Lifeline).
In life-threatening situations, 
call 911.
Common signs & symptoms of mania
• Showing intense happiness or silliness
• Having a very short temper or seeming extremely irritable
• Talking very fast or having racing thoughts
• Having an inflated sense of ability, knowledge, and power
• Doing reckless things that show poor judgment
• Feeling very sad or hopeless
• Feeling lonely or isolating from others
• Eating too much or too little
• Having little energy and no interest in usual activities
• Sleeping too much
Common signs & symptoms of depression
NIMH Identification No. OM 23-4318"
understanding-link-between-chronic-disease-depression.pdf,0,"What is a chronic disease?
A chronic disease is a condition that lasts at least 
one year and requires ongoing medical attention 
or limits activities of daily living or both. Examples 
of chronic diseases include autoimmune diseases, 
diabetes, cancer, epilepsy, heart disease, HIV/AIDS, 
hypothyroidism, multiple sclerosis, and pain.
Can chronic disease lead 
to depression?
People who have a chronic disease are at a higher risk of 
developing depression. Depression can be triggered by:
• Anxiety, stress, or other challenges caused by a 
chronic disease
• Brain changes from a chronic disease (such as 
Parkinson’s disease or stroke)
• Medication used to treat a chronic disease
• A personal or family history of depression or suicide
Research suggests that people who have a chronic 
disease and depression tend to have more severe 
symptoms of both illnesses. 
Can depression lead to  
chronic disease?
People who have depression are at higher risk of 
developing certain chronic diseases, including heart 
disease, diabetes, stroke, pain, osteoporosis, and 
Alzheimer’s disease. This may be due to:
• Challenges completing tasks that are good for health, 
such as eating well and exercising, due to symptoms 
like fatigue
• Challenges accessing medical care that could help 
prevent, detect, or treat physical health issues early 
and avoid the progression of a chronic disease
• Changes in the way the body functions due to 
depression, such as increased inflammation, 
reduced blood circulation and heart rate control, and 
abnormalities in stress hormones
What are the signs and symptoms 
of depression?
Common signs and symptoms of depression include:
• Persistent sad, anxious, or “empty” mood
• Feelings of hopelessness or pessimism
• Feelings of irritability, frustration‚ or restlessness 
• Feelings of guilt, worthlessness, or helplessness
• Loss of interest or pleasure in hobbies and activities
• Fatigue, lack of energy, or feeling slowed down
• Difficulty concentrating, remembering, or  
making decisions
• Difficulty sleeping, waking too early in the morning,  
or oversleeping
• Changes in appetite or unplanned weight changes
• Physical aches or pains, headaches, cramps, or 
digestive problems without a clear physical cause that 
do not go away with treatment
• Thoughts of death or suicide or suicide attempts
Not everyone who is depressed experiences all of these 
symptoms. Some people may only experience a few 
symptoms, while others experience many. Depression 
symptoms interfere with day-to-day functioning and cause 
significant distress for the person experiencing them. 
If you show signs or symptoms of depression and they 
persist or do not go away, talk to a health  
care provider. 
From the NATIONAL INSTITUTE of  MENTAL HEALTH 
Understanding 
the Link Between 
Chronic Disease 
and Depression
If you or someone you know is struggling or having 
thoughts of suicide, call or text the 988 Suicide and 
Crisis Lifeline at 988 or chat at 988lifeline.org . In life-
threatening situations, call 911.
How is depression treated? 
Depression is treatable—even if you have a  
chronic disease.
Depression treatment typically involves psychotherapy 
(in person or virtual), medication, or both. 
A health care provider can help you choose the right 
treatment plan based on your needs, preferences, and 
existing medical conditions. Tell the provider about the 
medications you take and treatments you undergo to 
avoid multiple medications interfering with one another.
If you cannot or do not wish to take antidepressant 
medication, other evidence-based treatments are 
available, including psychotherapy, brain stimulation 
therapy, and light therapy. 
You may have to try a few treatments to find the best  
one for you. With treatment, you can feel better. For  
more information on treatments for depression, visit 
www.nimh.nih.gov/depression.
How can I find help?
If you have concerns about your mental health, talk to a 
primary care provider. They can refer you to a qualified 
mental health professional, such as a psychologist, 
psychiatrist, or clinical social worker, who can help you 
figure out the next steps. Find tips for talking with a 
health care provider about your mental health at  
www.nimh.nih.gov/talkingtips.
You can learn more about getting help at www.nimh.nih.
gov/findhelp. The Substance Abuse and Mental Health 
Services Administration (SAMHSA) provides information 
about finding support at https://findsupport.gov and 
locating mental health services in your area at  
https://findtreatment.gov.
What are clinical trials and why are 
they important?
Clinical trials are research studies that look at ways to 
prevent, detect, or treat diseases and conditions. These 
studies help show whether a treatment is safe and 
effective in people. 
Some people join clinical trials to help doctors and 
researchers learn more about a disease and improve 
health care. Other people, such as those with health 
conditions, join to try treatments that aren’t widely 
available. 
NIMH supports clinical trials across the United States. 
Talk to a health care provider about clinical trials and 
whether one is right for you. For more information, visit 
www.nimh.nih.gov/clinicaltrials.
NIH Publication No. 24-MH-8015 
Revised 2024
Follow us on social media @NIMHgov
www.nimh.nih.gov
Contact: nimhinfo@nih.gov
Reprints
The information in this publication is in the public domain and may be reused or copied without permission. However, 
you may not reuse or copy images. Please cite the National Institute of Mental Health as the source. Read our copyright 
policy to learn more about our guidelines for reusing NIMH content at www.nimh.nih.gov/copyright.
Research suggests that a “collaborative care approach” 
can improve the overall health of people with 
depression. In this approach, primary care providers, 
care managers, and psychiatric consultants work 
together to provide mental and physical health care 
at the same location. Collaborative care is not yet 
available in all primary care offices or clinics—ask 
your health care provider if it’s an option for you."
looking-at-my-genes-what-can-they-tell-me-about-my-mental-health.pdf,0,"What are genes?
Genes are segments of deoxyribonucleic acid 
(DNA), the biological “blueprint” for proteins that 
form the building blocks of our cells. Your DNA 
is passed down from your biological parents 
and varies a little from person to person. These 
variations contribute to differences in appearance, 
personality, and health. Certain genes, along 
with biological and environmental factors, can 
be associated with mental disorders, which are 
health conditions that can affect how you think, 
feel, and cope with life.
How do genes affect your 
mental health? 
Common mental disorders like depression and 
anxiety are likely the result of a combination of life 
experiences, environment, and genetic variation. 
These variations can impact how your genes are 
turned “on” and “off” throughout life and play a 
role in the onset of some diseases. 
Most genetic variants don’t directly cause 
mental disorders. However, in rare cases, some 
uncommon gene variants can increase the risk of 
developing mental disorders. If you or a relative 
has one of these rare variants, it’s a good idea to 
talk to a health care provider about the risks. 
Should I visit a genetic counselor? 
Genetic counseling can give you information 
about how genetic conditions might affect you or 
your family. A geneticist or genetic counselor will 
collect your personal and family health history to 
determine how likely it is that you or a family 
member has a genetic condition. They can then 
help you decide whether a genetic test might be 
right for you or your relative. Genetic testing is 
often done before or during pregnancy, soon after 
birth, or if your health care provider suspects you 
may have a genetic disease. 
To learn more about genetic counseling, visit the 
Genetic Counseling FAQ page of the National 
Human Genome Research Institute website at 
www.genome.gov/FAQ/Genetic-Counseling and 
the Centers for Disease Control and Prevention’s 
Genetic Counseling webpage at www.cdc.gov/
genomics/gtesting/genetic_counseling.htm. 
Looking at My Genes:
WHAT CAN THEY TELL ME  
ABOUT MY MENTAL HEALTH?
From the NATIONAL INSTITUTE of  MENTAL HEALTH"
looking-at-my-genes-what-can-they-tell-me-about-my-mental-health.pdf,1,"Can genetic testing help predict my risk of developing a mental disorder? 
Currently, genetic tests cannot accurately 
predict your risk of developing a mental 
disorder. Although research is underway, 
researchers are still learning about the ways 
genes can contribute to mental disorders— 
or protect against them. Of those genes 
that are linked to mental disorders, most 
raise the risk by tiny amounts. 
While recent studies have begun to identify 
the genetic markers associated with 
certain mental disorders and eventually 
may lead to better screening and more 
individualized treatment, it is still too early 
to use genetic tests to diagnose or treat 
mental disorders.
What is the difference between clinical genetic testing 
and direct-to-consumer genetic reports?
Clinical or diagnostic genetic testing 
Clinical genetic testing can help predict the risk of 
some diseases, such as cancer, but is not yet very 
useful for predicting the risk for mental disorders.  
Health care providers may order genetic testing for 
people who may have a high risk for rare genetic 
diseases. During testing, health care providers may 
search for a single gene or a few genes that are 
strongly associated with a specific disease. 
There are many different types of genetic tests that 
may help to: 
 ⊲ Identify genetic variants that may increase the risk 
of developing a disease
 ⊲ Diagnose disease 
 ⊲ Guide health care providers in deciding on the best 
medicine or treatment for certain people 
If a disease runs in your family, your health care provider 
can tell you if it’s detectable with genetic testing. For 
more information about clinical or genetic testing, visit 
www.genome.gov/FAQ/Genetic-Testing.
Direct-to-consumer genetic reports 
The purpose and audiences of direct-to-consumer 
genetic reports differ from clinical or diagnostic 
genetic testing.
For a fee, anyone can mail a saliva sample to companies 
that sell a direct-to-consumer genetic report. While 
advertisements may say that the company can 
provide information based on a person’s genetic 
variation about their risks of developing specific 
diseases, these reports typically cannot help predict 
one’s risk for developing mental disorders. 
Because direct-to-consumer genetic reports for 
mental disorders are not accompanied by a health 
care provider’s guidance, their results should be 
interpreted cautiously. These reports have varying 
levels of scientific support, may or may not be 
approved by the U.S. Food and Drug Administration, 
and can be misleading. If you decide to undergo 
direct-to-consumer genetic testing, the results 
should be discussed with your health care provider 
or genetic counselor before taking any action, such 
as changing your medications. For more information 
about direct-to-consumer tests, visit www.fda.
gov/medical-devices/in-vitro-diagnostics/direct-
consumer-tests.
What research is NIMH doing on genetics? 
The National Institute of Mental Health (NIMH) funds 
and conducts research to help answer important 
scientific questions about mental disorders. NIMH is 
currently studying and supporting research on the 
human genetic variations that contribute to the risk of 
different mental disorders. These include but are not 
limited to the following: 
 ⊲ Eating disorders, such as anorexia nervosa, binge 
eating disorders, and bulimia nervosa
 ⊲ Mood disorders, such as anxiety disorders, bipolar 
disorder, and depression
 ⊲ Neurodevelopmental disorders, such as autism 
spectrum disorder and intellectual disability
 ⊲ Obsessive-compulsive disorder 
 ⊲ Post-traumatic stress disorder
 ⊲ Psychosis and schizophrenia
Research investigating these topics will help the field 
take steps toward better screening and personalized 
treatment. Basic research efforts enhance our 
understanding of the underlying causes of disease 
and might result in improved clinical treatments. 
You can learn more about ongoing research efforts 
by visiting www.nimh.nih.gov/news/science-news/
science-news-about-genetics .
Some mental disorders run in families, and your family’s 
mental health history may be an important clue for 
determining your risk of developing a mental disorder. 
Having a close relative with a mental disorder could 
mean you are at a higher risk, but it doesn’t necessarily 
mean you will develop that disorder. Many other factors 
play a role. 
Knowing your family’s mental health history can help 
you and your health care provider look for early 
warning signs and help your health care provider 
recommend ways to reduce your risk. 
Talk to your relatives
The first step in creating a family health history is to 
talk to your relatives. The most helpful information 
comes from “first-degree” relatives—parents, brothers, 
sisters, and children. Health histories from “second-
degree” relatives—such as nieces, nephews, half-
brothers, half-sisters, grandparents, aunts, and uncles—
also can be helpful but are less informative for your 
own risk. 
Don’t worry if you can’t get complete information for 
every relative. Some people may not want to talk,  
and others may be unable to remember information 
accurately. That’s okay. Whatever information you  
can collect will be helpful. 
Keep a record of your family history 
Free programs like the Surgeon General’s “My Family 
Health Portrait” can help you create a family health 
history. You can use the program to record information 
about your family’s health and share it with your 
health care provider or family members. You can find 
the program at https://cbiit.github.io/FHH/html. 
New or updated information can be added as a family 
grows or family members are diagnosed with health 
conditions. It may take a little time and effort, but this 
record can improve your family’s health for generations. 
Talk with a mental health professional 
If mental disorders run in your family, consider talking 
with a mental health professional who can help you 
understand the illness’ risk and ways to prevent or 
treat it. Asking questions and providing information 
to your health care provider can improve your care 
and results and increase safety and satisfaction. For 
tips and information about speaking with your health 
care provider, visit www.nimh.nih.gov/talkingtips
and the Agency for Healthcare Research Quality at 
www.ahrq.gov/questions.
How can my family health history help me 
understand my health risks?
NIH Publication No. 24-MH-4298 
Revised 2024
Follow us on  
social media @NIMHgov
Where can I find more information 
about genetics?
For information about how genes affect your risk 
for developing a disease or disorder, visit: 
⊲ Centers for Disease Control and Prevention: 
Family Health History:  
www.cdc.gov/genomics/famhistory 
⊲ National Human Genome Research Institute: 
www.genome.gov/health 
⊲ MedlinePlus: Genetics: 
https://medlineplus.gov/genetics
How can I find help for 
mental disorders? 
NIMH has information on ways to get help  
and find a health care provider or access 
treatment at www.nimh.nih.gov/findhelp. In 
addition, the Substance Abuse and Mental  
Health Services Administration has an online 
tool at https://findtreatment.gov to help you 
find mental health services in your area.
What are clinical trials and why are 
they important?  
Clinical trials are research studies that look at  
new ways to prevent, detect, or treat diseases 
and conditions. These studies help researchers 
determine if a new treatment is safe and effective 
in people. The main purpose of a clinical trial is to 
gain new scientific knowledge so that others may 
be better helped in the future. 
People volunteer for clinical trials for many reasons. 
Some people join clinical trials to help doctors 
and researchers learn more about a disease and 
improve health care. Other people, such as those 
with health conditions, join to try new or advanced 
treatments that aren’t widely available. 
NIMH supports clinical trials at the National Institutes 
of Health campus in Bethesda, Maryland, and 
across the United States. Talk to a health care 
provider about clinical trials, their benefits and 
risks, and whether one is right for you. For more 
information, visit www.nimh.nih.gov/clinicaltrials.
For more information
Learn more at www.nimh.nih.gov/
health. For information about various 
health topics, visit the National Library 
of Medicine’s MedlinePlus resource at 
https://medlineplus.gov.
Reprints
The information in this publication is in 
the public domain and may be reused or 
copied without permission. However, you 
may not reuse or copy images. Please cite 
the National Institute of Mental Health as a 
source. Read our copyright policy to learn 
more about our guidelines for reusing NIMH 
content at www.nimh.nih.gov/copyright.
National Institute of Mental Health  
Office of Science Policy, Planning,  
and Communications 
6001 Executive Boulevard, MSC 9663 
Bethesda, MD 20892-9663 
Phone: 1-866-615-6464  
Email: nimhinfo@nih.gov  
Website: www.nimh.nih.gov"
tips-for-talking-with-a-health-care-provider-about-your-mental-health_1.pdf,0,"Tips for Talking With a 
Health Care Provider  
About Your Mental Health
Don’t wait for a health care provider to ask about your mental health. 
Start the conversation. Here are five tips to help prepare and guide you 
on talking to a health care provider about your mental health and getting 
the most out of your visit.
1. Talk to a primary care provider.
If you don’t know where to start for help, you may want to consider bringing up your mental 
health concerns during your appointment with a primary care provider (PCP) . A PCP is a health 
care practitioner people see for common medical problems, and this person is often a doctor. 
However, a PCP may be a physician assistant or a nurse practitioner. 
Mental health is an integral part of health, and people with mental disorders can often be at risk 
for other medical conditions, such as heart disease or diabetes. In many primary care settings, 
you may be asked if you’re feeling anxious or depressed, or if you have had thoughts of suicide. 
Even if your PCP doesn’t ask you first, take this opportunity to talk to your PCP, who can help 
refer you to a mental health professional. You also can visit the NIMH Find Help for Mental 
Illnesses webpage for help finding a health care provider or treatment.
2. Prepare ahead of your visit.
Health care providers have a limited time for each appointment, so it may be helpful to think of 
your questions or concerns beforehand.
 ● Prepare your questions. Make a list of what you want to discuss and any questions or concerns
you might have. This worksheet may help you prepare your questions or concerns.
● Prepare a list of your medications. It’s important to tell your health care provider about all the
medications you’re taking, including over-the-counter (nonprescription) drugs, herbal remedies,
vitamins, and supplements. This worksheet can help you track your medications.
● Review your family history. Certain mental illnesses tend to run in families and having a relative
with a mental disorder could mean you’re at higher risk. Knowing your family mental health
history can help determine your risk for certain disorders. It can also help your health care
provider recommend actions for reducing your risk and enable you and your provider to look
for early warning signs.
NIH Publication No. 22-MH-8094
Follow NIMH on  
Social Media @NIMHgov
www.nimh.nih.gov 
3. Consider bringing a friend or relative.
It can be difficult to absorb all the information your health care provider shares, especially if 
you are not feeling well. Sometimes it’s helpful to bring a close friend or relative to your 
appointment. A companion can be there for support, help you take notes, and remember what 
you and the provider discussed. They also might be able to offer input to your provider about 
how they think you are doing. Some people like having a friend or family member there 
th
roughout an appointment, while others prefer to first meet alone with a health care provider 
and then have a trusted friend or relative join them when recommendations for treatments 
are discussed.
4. Be honest.
Your health care provider can help you get better only if you have open and honest 
communication. It is important to remember that discussions between you and a health care 
provider are private and cannot be shared with anyone without your expressed permission. 
Describe all your symptoms to your provider and be specific about when they started, how 
severe they are, and how often they occur. You should also share any major stressors or recent 
life changes that could be triggering or exacerbating your symptoms.
Symptoms of mental illnesses may include:
● Persistent sad, anxious, or “empty” mood
● Feelings of hopelessness or pessimism
● Irritability
● Feelings of guilt, worthlessness, or helplessness
● Loss of interest or pleasure in hobbies and activities
● Decreased energy or fatigue
● Moving or talking more slowly
● Feeling restless or having trouble sitting still
● Difficulty concentrating, remembering, or making decisions
● Difficulty sleeping, early-morning awakening, or oversleeping
● Appetite or weight changes (or both)
● Thoughts of death or suicide, or suicide attempts
● Aches or pains, headaches, cramps, or digestive problems without a clear
p
hysical cause and/or that do not ease even with treatment
5. Ask questions.
If you have questions or concerns, ask the health care provider for more information about the 
mental health diagnosis or treatment. If a provider suggests a treatment option that you’re not 
comfortable or familiar with, express your concerns and ask if there are other options. You may 
decide to try a combination of treatment approaches and want to consider getting another 
opinion from a different health care provider. It’s important to remember that there is no “one-
size-fits-all” treatment. To find one that works best for you, you may need to talk to a few 
other health care providers to find someone you are comfortable with and try several different 
treatments or a combination of treatments."
common-types-eating-disorders.pdf,0,"What Are Common Types
of Eating Disorders?
Eating disorders are serious illnesses marked by severe disturbances to 
one’s eating behaviors. Common types of eating disorders include:
Anorexia nervosa
People with anorexia nervosa severely 
avoid or restrict food intake due to a 
distorted self-image or an intense fear of  
gaining weight. 
Bulimia nervosa
People with bulimia nervosa regularly 
binge eat and then engage in unhealthy 
behaviors to prevent weight gain, such  
as forced vomiting or the use of laxatives. 
Binge-eating disorder
People with binge-eating disorder 
regularly lose control of their eating and 
eat unusually large amounts of food. 
Avoidant restrictive food 
intake disorder (ARFID)
People with ARFID limit the amount  
and variety of food they eat due to their 
anxiety or fear of the consequences of 
eating or dislike of a food’s characteristics. 
P
eople with these types of symptoms may have an eating disorder  
and should talk to a health care provider. Help is available.
U.S. Department of Health and Human Services
National Institutes of Health
NIMH Identifier No. OM 24-4322
nimh.nih.gov/eatingdisorders"
seasonal_affective_disorder_more_than_the_winter_blues.pdf,0,"Do you have mild symptoms that 
have lasted less than 2 weeks?
● Feeling down but still able
to take care of yourself and
others
● Having some trouble sleeping
● Having less energy than usual
but still able to do your job,
schoolwork, or housework
These activities can make you feel better:
● Doing something you enjoy
 ● Going outside in the sunlight
● Spending time with family
and friends
● Eating healthy and avoiding
foods with lots of sugar
Seasonal Affective Disorder (SAD):
More Than the Winter Blues
As the days get shorter and there is less daylight, you may start to feel sad. While many 
people experience the “winter blues,” some people may have a type of depression called 
seasonal affective disorder (SAD). 
The first step is to determine how much your symptoms interfere with your daily life.
For help finding treatment, visit nimh.nih.gov/findhelp. 
If you or someone you know is in immediate distress or is thinking about hurting themselves, 
call or text the 988 Suicide & Crisis Lifeline at 988 or chat at 988lifeline.org.
Do you have more severe symptoms that 
have lasted more than 2 weeks?
● Social withdrawal
● Oversleeping
● Gaining weight
● Craving foods with lots of
sugar like cakes, candies,
and cookies
Seek professional help:
● Light therapy
● Psychotherapy (talk therapy)
● Medications
● Vitamin D supplements
If these activities do not help or your symptoms are getting worse, talk to a 
health care provider.
nimh.nih.gov/sad
NIMH Identification No. OM 22-4320"
helping-children-and-adolescents-cope-with-traumatic-events.pdf,0,"Helping Children and 
Adolescents Cope With  
Traumatic Events
Every year, children and adolescents experience disasters and other 
traumatic events. Family, friends, and trusted adults play an essential 
role in helping youth cope with these experiences.
How do children and adolescents respond to traumatic events? 
It is typical for children and adolescents to have a range of reactions after experiencing or witnessing a traumatic 
event, such as a natural disaster, an act of violence, or a serious accident.
Regardless of age, children and 
adolescents may: 
 ● Report having physical  
problems such as stomachaches 
or headaches.
 ● Have nightmares or other sleep 
problems, including refusing to  
go to bed. 
 ● Have trouble concentrating. 
 ● Lose interest in activities they 
normally enjoy.
 ● Have feelings of guilt for not 
preventing injuries or deaths.
 ● Have thoughts of revenge.
Young children (age 5 and 
younger) may:
 ● Cling to caregivers and/or cry and 
be tearful.
 ● Have tantrums, or be irritable  
or disruptive.
 ● Suddenly return to behaviors such 
as bed-wetting and  
thumb-sucking.
 ● Show increased fearfulness 
(for example, fear of the dark, 
monsters, or being alone).
 ● Incorporate aspects of the 
traumatic event into imaginary play.
Older children (age 6 and older) 
and adolescents may:
 ● Have problems in school. 
 ● Withdraw or become isolated from 
family and friends.
 ● Avoid reminders of the event.
 ● Use drugs, alcohol, or tobacco.
 ● Be disruptive, disrespectful,  
or destructive.
 ● Be angry or resentful.
Many of these reactions are 
normal and will lessen with 
time. If these symptoms last for 
more than a month, the family 
should reach out to a health 
care provider.
What can adults do to help?
How adults respond to trauma can strongly influence 
how children and adolescents react to trauma. When 
caregivers and family members take steps to support 
their own ability to cope, they can provide better care 
for others. 
Caregivers and family members can help by creating 
a safe and supportive environment, remaining as calm 
as possible, and reducing stressors. Children and 
adolescents need to know that their family members 
love them and will do their best to take care of them. 
Do:
 ● Ensure children and adolescents are safe and that
their basic needs are addressed.
 ● Allow them to be sad or cry.
 ● Let them talk, write, or draw pictures about the event
and their feelings.
 ● Limit their exposure to repetitive news reports about
traumatic events.
 ● Let them sleep in your room (for a short time) or sleep
with a light on if they are having trouble sleeping.
 ● Try to stick to routines, such as reading bedtime
stories, eating dinner together, and playing games.
 ● Help them feel in control by letting them make some
decisions for themselves, such as choosing their
meals or picking out their clothes.
 ● Pay attention to sudden changes in behaviors,
speech, language use, or strong emotions.
 ● Contact a health care provider if new problems
develop, particularly if any of the following symptoms
occur for more than a few weeks:
■ Having flashbacks (reliving the event)
■ Having a racing heart and sweating
■ Being easily startled
■ Being emotionally numb
■ Being very sad or depressed
Don’t:
 ● Expect children and adolescents to be brave or tough.
 ● Make them discuss the event before they are ready.
 ● Get angry if they show strong emotions.
 ● Get upset if they begin bed-wetting, acting out, or
thumb-sucking.
 ● Make promises you can’t keep (such as “You will be
OK tomorrow” or “You will go home soon.”)
NIH Publication No. 22-MH-8066
Follow NIMH on  
Social Media @NIMHgov
www.nimh.nih.gov 
Where can I find help?
The Substance Abuse and Mental Health Services 
Administration (SAMHSA) offers a Disaster Distress 
Helpline, which provides immediate crisis counseling for 
people who are experiencing emotional distress related 
to any natural or human-caused disaster. The helpline is 
free, multilingual, confidential, and available 24 hours a 
day, 7 days a week. You can call or text the helpline at 
800-985-5990 or visit the helpline website at https://
disasterdistress.samhsa.gov.
SAMHSA also provides the Behavioral Health 
Treatment Services Locator, an online tool for finding 
mental health services in your area. Find treatment 
programs in your state at https://findtreatment.
samhsa.gov. For additional resources, visit  
www.nimh.nih.gov/findhelp. 
If you, your child, or someone you know is in 
immediate distress or is thinking about hurting 
themselves, call 911 or call the National Suicide 
Prevention Lifeline toll-free at 1-800-273-TALK 
(8255). You also can text the Crisis Text Line 
(HELLO to 741741) or use the Lifeline Chat on the 
National Suicide Prevention Lifeline website at 
https://suicidepreventionlifeline.org.
Where can I find more resources?
National Institute of Mental Health: 
Coping With Traumatic Events 
www.nimh.nih.gov/copingwithtrauma
N
ational Institute of Mental Health:  
Child and Adolescent Mental Health 
www.nimh.nih.gov/children 
Centers for Disease Control and Prevention: 
C
aring for Children in a Disaster 
www.cdc.gov/childrenindisasters 
National Child Traumatic Stress Network 
www.nctsn.org"
Im-So-Stressed-Out.pdf,0,"• Generally is a response to 
an external cause, such 
as taking a big test or 
arguing with a friend..
• Goes away once 
the situation 
is resolved.  
• Can be positive or 
negative. For example, it may 
inspire you to meet a deadline, or 
it may cause you to lose sleep.
• Generally is internal, 
meaning it’s your 
reaction to stress.
• Usually involves a 
persistent feeling of 
apprehension or 
dread that doesn’t go 
away, and that interferes 
with how you live your life.
• Is constant, even if there 
is no immediate threat. 
Feeling overwhelmed? Read this fact sheet to learn whether it’s 
stress or anxiety, and what you can do to cope.  
Is it stress or anxiety? 
Life can be stressful—you may feel stressed about 
performance at school, traumatic events (such as a 
pandemic, a natural disaster, or an act of violence), or a 
life change. Everyone feels stress from time to time.
What is stress? Stress is the physical or mental 
response to an external cause, such as having a lot of 
homework or having an illness. A stressor may be a 
one-time or short-term occurrence, or it can happen 
repeatedly over a long time.
What is anxiety? Anxiety is your body’s reaction to 
stress and can occur even if there is no current threat. 
If that anxiety doesn’t go away and begins to interfere 
with your life, it could affect your health. You could 
experience problems with sleeping, or with your 
immune, digestive, cardiovascular, and reproductive 
systems. You also may be at higher risk for developing 
a mental illness such as an anxiety disorder or 
depression. More information about anxiety disorders is 
available at www.nimh.nih.gov/anxietydisorders. 
So, how do you know 
when to seek help? 
Stress vs. Anxiety
I’M SO 
STRESSED 
OUT! 
Stress
Both Stress 
and Anxiety Anxiety
Both stress and anxiety 
can affect your mind and 
body. You may experience 
symptoms such as: 
• Excessive worry
• Uneasiness
• Tension
• Headaches or body pain
• High blood pressure
• Loss of sleep
From the NATIONAL INSTITUTE of  MENTAL HEALTH 
More Resources
• NIMH: Anxiety Disorders 
(www.nimh.nih.gov/anxietydisorders)
• NIMH: Caring for Your Mental Health 
(www.nimh.nih.gov/mymentalhealth)
• NIMH: Child and Adolescent Mental Health  
(www.nimh.nih.gov/children)
• NIMH: Tips for Talking With a Health Care Provider 
About Your Mental Health 
(www.nimh.nih.gov/talkingtips)
• Centers for Disease Control and Prevention: Anxiety 
and Depression in Children 
(www.cdc.gov/childrensmentalhealth/depression.html)
It’s important to manage your stress. 
Everyone experiences stress, and sometimes that stress can feel overwhelming. 
You may be at risk for an anxiety disorder if it feels like you 
can’t manage the stress and if the 
symptoms of your stress: 
• Interfere with your everyday life.
• Cause you to avoid doing things.
• Seem to be always present. 
NIH Publication No. 20-MH-8125
Follow NIMH on  
Social Media @NIMHgov
www.nimh.nih.gov 
Coping With Stress 
and Anxiety
Learning what causes or triggers your stress and what 
coping techniques work for you can help reduce your 
anxiety and improve your daily life. It may take trial 
and error to discover what works best for you. Here 
are some activities you can try when you start to feel 
overwhelmed: 
• Keep a journal. 
• Download an app that provides relaxation exercises 
(such as deep breathing or visualization) or tips for 
practicing mindfulness, which is a psychological 
process of actively paying attention to the present 
moment.
• Exercise, and make sure you are eating healthy, 
regular meals. 
• Stick to a sleep routine, and make sure you are 
getting enough sleep. 
• Avoid drinking excess caffeine such as soft drinks 
or coffee. 
• Identify and challenge your negative and unhelpful 
thoughts. 
• Reach out to your friends or family members who 
help you cope in a positive way.
Recognize When You  
Need More Help 
If you are struggling to cope, or the symptoms of 
your stress or anxiety won’t go away, it may be 
time to talk to a professional. Psychotherapy (also 
called talk therapy) and medication are the two main 
treatments for anxiety, and many people benefit from 
a combination of the two. 
If you or someone you know has a mental illness, is 
struggling emotionally, or has concerns about their 
mental health, there are ways to get help. Find more 
information on the National Institute of Mental Health 
(NIMH) website at  www.nimh.nih.gov/findhelp.
If you are in immediate distress or are thinking about 
hurting yourself, call or text the 988 Suicide & Crisis 
Lifeline at 988 or chat at 988lifeline.org."
obsessive-compulsive-disorder-508.pdf,0,"Obsessive- 
Compulsive 
Disorder: 
When Unwanted Thoughts or 
Repetitive Behaviors Take Over
What is OCD?
Obsessive-compulsive disorder (OCD) is a long-lasting disorder in which a 
person experiences uncontrollable and recurring thoughts (obsessions), 
engages in repetitive behaviors (compulsions), or both. People with OCD have 
time-consuming symptoms that can cause significant distress or interfere with 
daily life. However, treatment is available to help people manage their 
symptoms and improve their quality of life.
What are the signs and symptoms of OCD?
People with OCD may have obsessions, compulsions, or both. Obsessions are 
repeated thoughts, urges, or mental images that are intrusive, unwanted, and 
make most people anxious. Common obsessions include:
 ● Fear of germs or contamination
 ● Fear of forgetting, losing, or misplacing something
 ● Fear of losing control over one’s behavior
 ● Aggressive thoughts toward others or oneself
 ● Unwanted, forbidden, or taboo thoughts involving sex, religion, or harm
 ● Desire to have things symmetrical or in perfect order
Compulsions are repetitive behaviors a person feels the urge to do, often in 
response to an obsession. Common compulsions include:
 ● Excessive cleaning or handwashing
 ● Ordering or arranging items in a particular, precise way
 ● Repeatedly checking things, such as that the door is locked or the oven is off
 ● Compulsive counting
 ● Praying or repeating words silently
OCD symptoms may begin anytime but usually start between late childhood 
and young adulthood. Most people with OCD are diagnosed as young adults. 
The symptoms of OCD may start slowly and can go away for a while or worsen 
as time passes. During times of stress, the symptoms often get worse. A 
person’s obsessions and compulsions also may change over time. 
People with OCD might avoid situations that trigger their symptoms or use 
drugs or alcohol to cope. Many adults with OCD recognize that their compulsive 
behaviors do not make sense. However, children may not realize that their 
behavior is out of the ordinary and often fear that something terrible will happen 
if they do not perform certain compulsive rituals. Parents or teachers typically 
recognize OCD symptoms in children. 
Recognizing OCD: How to know if your symptoms are OCD
Everyone rethinks or double-checks things sometimes. Not all repeated 
thoughts are obsessions, and not all rituals or habits are compulsions. 
However, people with OCD generally:
 ● Can’t control their obsessions or compulsions, even when they know 
they’re excessive.
 ● Spend more than 1 hour a day on their obsessions or compulsions. 
 ● Don’t get pleasure from their compulsions but may feel temporary  
relief from their anxiety. 
 ● Experience significant problems in daily life due to these thoughts  
or behaviors. 
Some people with OCD also have a tic disorder involving repetitive movements 
or sounds. Motor tics are sudden, brief, repetitive movements, such as eye 
blinking and other eye movements, facial grimacing, shoulder shrugging, 
and head or shoulder jerking. Vocal tics include things like repetitive throat-
clearing, sniffing, or grunting sounds. It is common for people with OCD to 
also have a diagnosed mood disorder or anxiety disorder.
If you think you or your child may have OCD, talk to a health care provider. If left 
untreated, OCD symptoms can become severe and interfere with daily life.
What are the risk factors for OCD?
Although the exact causes of OCD are unknown, various risk factors increase 
the chances of developing the disorder.
 ● Genetics: Studies have shown that having a first-degree relative (parent or 
sibling) with OCD is associated with an increased chance of developing the 
disorder. Scientists have not identified any one gene or set of genes that 
definitively leads to OCD, but studies exploring the connection between 
genetics and OCD are ongoing.
 ● Biology: Brain imaging studies have shown that people with OCD often have 
differences in the frontal cortex and subcortical structures of the brain, areas 
of the brain that impact the ability to control behavior and emotional 
responses. Researchers also have found that several brain areas, brain 
networks, and biological processes play a key role in obsessive thoughts, 
compulsive behavior, and associated fear and anxiety. Research is underway 
to better understand the connection between OCD symptoms and parts of 
the brain. This knowledge can help researchers develop and adapt 
treatments targeted to specific brain locations.
 ● Temperament: Some research has found that people who exhibit more 
reserved behaviors, experience negative emotions, and show symptoms of 
anxiety and depression as children are more likely to develop OCD.
 ● Childhood trauma: Some studies have reported an association between 
childhood trauma and obsessive-compulsive symptoms. More research is 
needed to understand this relationship.
Children who suddenly develop OCD symptoms or experience a worsening of 
OCD symptoms after a streptococcal infection may be diagnosed with Pediatric 
Autoimmune Neuropsychiatric Disorders Associated with Streptococcal Infections 
(PANDAS). You can learn more about PANDAS at www.nimh.nih.gov/pandas.
How is OCD diagnosed?
Diagnosing OCD can be difficult because symptoms such as worry, anxiety, and 
low mood—which are often people’s most distressing concerns—can be similar 
to those of other mental illnesses. Also, people with OCD may not tell their 
health care provider about their obsessions and compulsions out of fear of 
judgment. 
If you are experiencing symptoms, the first thing you should do is speak with a 
health care provider. They will examine you and ask about your health history to 
ensure other illnesses or conditions are not causing your symptoms. A health 
care provider may refer you to a mental health professional for further 
evaluation or treatment.
How is OCD treated?
Treatment helps many people, even those with the most severe forms of OCD. 
Mental health professionals treat OCD with medications, psychotherapy, or a 
combination of treatments. A mental health professional can help you decide 
which treatment option is best for you and explain the benefits and risks of 
each. 
Following your treatment plan is important because psychotherapy and 
medication can take some time to work. Although there is no cure for OCD, 
treatments help people manage their symptoms, engage in day-to-day 
activities, and lead full, active lives.
Find tips for talking with a health care provider to improve your care and get 
the most out of your visit at www.nimh.nih.gov/talkingtips.
Psychotherapy
Psychotherapy can be an effective treatment for adults and children with OCD. 
Research shows that certain types of psychotherapy, including cognitive 
behavioral therapy and other related therapies, can be as effective as 
medication for many people. For others, psychotherapy may be most effective 
when combined with medication.
 ● Cognitive behavioral therapy (CBT): CBT is a type of talk therapy that helps 
people recognize harmful or untrue ways of thinking so they can more clearly 
view and respond to challenging situations. CBT helps people learn to 
question these negative thoughts, determine how they impact their feelings 
and actions, and change self-defeating behavior patterns. CBT has been well 
studied and is considered the “gold standard” of psychotherapy for many 
people. CBT works best when customized to treat the unique characteristics 
of specific mental disorders, including OCD.
 ● Exposure and response prevention therapy (ERP): Research shows that ERP, 
a specific type of CBT, effectively reduces compulsive behaviors, even for 
people who do not respond well to medication. With ERP, people spend time 
in a safe environment that gradually exposes them to situations that trigger 
their obsession (such as touching dirty objects) and prevent them from 
engaging in their typical compulsive behavior (such as handwashing). 
Although this approach may initially cause anxiety, creating a risk of dropping 
out of treatment prematurely, compulsions decrease for most people as they 
continue treatment.
Children with OCD may need additional help from family members and health 
care providers to recognize and manage their OCD symptoms. Mental health 
professionals can work with young children to identify strategies for managing 
stress and increasing support so they can control their OCD symptoms.
You can learn more about psychotherapies, including CBT, at www.nimh.nih.
gov/psychotherapies. 
Medication
Health care providers may prescribe medication to help treat OCD. The most 
common medications prescribed for OCD are antidepressants that target serotonin, 
a chemical transmitter in the brain involved in depression and OCD. The largest 
category of antidepressants is called selective serotonin reuptake inhibitors. 
Antidepressant treatment can take 8–12 weeks before symptoms begin to 
improve, and treatment for OCD may require higher doses than are typically 
used to treat depression. For some people, these medications may cause side 
effects such as headaches, nausea, or difficulty sleeping. Most people with 
OCD find that medication, often in combination with psychotherapy, can help 
them manage their symptoms.
Your health care provider can adjust medication doses over time to minimize 
side effects or withdrawal symptoms. Do not stop taking your medication 
without first talking to your health care provider. They can work with you to 
monitor your health and adjust your treatment plan safely and effectively.
The most up-to-date information on medications, side effects, and warnings  
is available on the U.S. Food and Drug Administration (FDA) website at  
www.fda.gov/drugsatfda.
Other treatments
In 2018, the FDA approved using a deep form of repetitive transcranial magnetic 
stimulation (rTMS)—along with medication, psychotherapy, or a combination 
of both—to treat people with severe OCD who did not respond to other 
treatments. In 2022, this approval was extended to standard TMS devices.
Most commonly used to treat depression, rTMS is a noninvasive therapy that 
uses a magnet to deliver repeated low-intensity pulses to stimulate a particular 
part of the brain. Unlike most treatments, rTMS can target specific brain areas 
associated with OCD.
Deep brain stimulation (DBS) is a surgical procedure that uses electricity to 
directly stimulate sites in the brain. Health care providers may use DBS to treat 
people with severe OCD when other treatments have not worked. However, this 
therapy is considered experimental. 
Although DBS has received FDA approval to treat certain neurological disorders 
such as Parkinson’s disease, its effectiveness for treating mental disorders 
is still being actively researched. The FDA has approved using DBS to treat 
severe cases of OCD under a Humanitarian Device Exemption. This exemption 
allows the use of a medical device, such as DBS, for rare diseases or conditions 
that affect a relatively small number of people, making it challenging to gather 
enough evidence to establish the device’s effectiveness.
You can learn more about brain stimulation therapies, including rTMS and DBS, 
at www.nimh.nih.gov/braintherapies. Visit www.fda.gov/medical-devices for 
the latest information and guidance on brain stimulation devices. 
Effective strategies for managing stress and anxiety 
You can do several things to manage the stress and anxiety associated  
with OCD. 
 ● Create a consistent sleep schedule.
 ● Make regular exercise a part of your routine.
 ● Eat a healthy, balanced diet.
 ● Seek support from trusted family and friends.
How can I find help?
If you’re unsure where to get help, a health care provider is an excellent place 
to start. They can refer you to a qualified mental health professional who has 
experience treating OCD and can evaluate your symptoms.
You can learn more about getting help and finding a health care provider on 
the NIMH website at www.nimh.nih.gov/findhelp. The Substance Abuse and 
Mental Health Services Administration (SAMHSA) has an online tool at https://
findtreatment.gov to help you find mental health services in your area.
What are clinical trials and why are they important? 
Clinical trials are research studies that look at new ways to prevent, detect, or 
treat diseases and conditions. These studies help researchers determine if a 
new treatment is safe and effective in people. The main purpose of a clinical 
trial is to gain new scientific knowledge so that others may be better helped in 
the future.
People volunteer for clinical trials for many reasons. Some people join clinical 
trials to help doctors and researchers learn more about a disease and improve 
health care. Other people, such as those with health conditions, join to try new 
or advanced treatments that aren’t widely available.
NIMH supports clinical trials at the National Institutes of Health campus in 
Bethesda, Maryland, and across the United States. Talk to a health care provider 
about clinical trials, their benefits and risks, and whether one is right for you. For 
more information, visit www.nimh.nih.gov/clinicaltrials.
If you or someone you know is struggling or having thoughts of suicide, call 
or text the 988 Suicide and Crisis Lifeline at 988 or chat at 988lifeline.org. 
In life-threatening situations, call 911.
  
 
  
  
  
 
   
 
 
 
 
Reprints 
The information in this publication is in the public domain and may be reused 
or copied without permission. However, you may not reuse or copy the images. 
Please cite the National Institute of Mental Health as the source. Read our 
copyright policy to learn more about our guidelines for reusing NIMH content at 
www.nimh.nih.gov/copyright. 
Where can I learn more? 
NIMH website  
www.nimh.nih.gov 
www.nimh.nih.gov/espanol (en español) 
MedlinePlus (National Library of Medicine)  
https://medlineplus.gov 
https://medlineplus.gov/spanish (en español) 
ClinicalTrials.gov 
www.clinicaltrials.gov 
https://salud.nih.gov/investigacion-clinica (en español) 
National Institute of Mental Health  
Office of Science Policy, Planning, and Communications 
6001 Executive Boulevard, MSC 9663 
Bethesda, MD 20892-9663  
Toll-free: 1-866-615-6464  
Email: nimhinfo@nih.gov 
Website: www.nimh.nih.gov 
U.S. DEPARTMENT OF HEALTH AND HUMAN SERVICES 
National Institutes of Health 
NIH Publication No. 23-MH-4676 
Revised 2023"
so-stressed-out-infographic.pdf,0,"• Generally is a response to an 
external cause, such as taking 
a big test or arguing with  
a friend.
• Goes away once the 
situation is resolved. 
• Can be positive or 
negative. For example, it may 
inspire you to meet a deadline, 
or it may cause you to lose sleep. 
• Generally is internal, meaning 
it’s your reaction to stress.
• Usually involves a 
persistent feeling of 
apprehension or 
dread that doesn’t go 
away, and that interferes 
with how you live your life.
• Is constant, even if there is no 
immediate threat. 
Both stress and anxiety 
can affect your mind and 
body. You may experience 
symptoms such as: 
• Excessive worry
• Uneasiness
• Tension
• Headaches or body pain
• High blood pressure
• Loss of sleep
nimh.nih.gov/stressandanxiety 
Find Help
If you are struggling to cope, or the symptoms of  
your stress or anxiety begin to interfere with your 
everyday life, it may be time to talk to a professional.  
Find more information about getting help on the  
National Institute of Mental Health website at  
www.nimh.nih.gov/findhelp.
Ways to Cope
• Keep a journal. 
• Download an app with relaxation exercises.
• Exercise and eat healthy.
• Get regular sleep. 
• Avoid excess caffeine. 
• Identify and challenge your negative thoughts. 
• Reach out to your friends or family.
NIMH Identifier No. OM 20-4319 
Is it stress or anxiety?
I’M SO  
STRESSED 
OUT! 
Stress
Both Stress 
and Anxiety Anxiety"
23-MH-8110-Understanding-Psychosis.pdf,0,"What is psychosis?
Psychosis refers to a collection of symptoms that affect 
the mind, where there has been some loss of contact with 
reality. During an episode of psychosis, a person’s 
thoughts and perceptions are disrupted and they may 
have difficulty recognizing what is real and what is not.
Who develops psychosis?
It is difficult to know the number of people who experience 
psychosis. Studies estimate that between 15 and 100 
people out of 100,000 develop psychosis each year. 
Psychosis often begins in young adulthood when a person 
is in their late teens to mid-20s. However, people can 
experience a psychotic episode at younger and older ages 
and as a part of many disorders and illnesses. For 
instance, older adults with neurological disorders may be 
at higher risk for psychosis. 
What are the signs and symptoms of 
psychosis?
People with psychosis typically experience delusions 
(false beliefs, for example, that people on television are 
sending them special messages or that others are trying 
to hurt them) and hallucinations (seeing or hearing things 
that others do not, such as hearing voices telling them to 
do something or criticizing them). Other symptoms can 
include incoherent or nonsense speech and behavior that 
is inappropriate for the situation. 
However, a person will often show changes in their 
behavior before psychosis develops. Behavioral warning 
signs for psychosis include:
• Suspiciousness, paranoid ideas, or uneasiness  
with others
• Trouble thinking clearly and logically
• Withdrawing socially and spending a lot more time alone
• Unusual or overly intense ideas, strange feelings, or a 
lack of feelings 
• Decline in self-care or personal hygiene
• Disruption of sleep, including difficulty falling asleep 
and reduced sleep time
• Difficulty telling reality from fantasy
• Confused speech or trouble communicating
• Sudden drop in grades or job performance
Alongside these symptoms, a person with psychosis may 
also experience more general changes in behavior that 
include: 
• Emotional disruption 
• Anxiety 
• Lack of motivation
• Difficulty functioning overall
In some cases, a person experiencing a psychotic episode 
may behave in confusing and unpredictable ways and 
may harm themselves or become threatening or violent 
toward others. The risk of violence and suicide decreases 
with treatment for psychosis, so it is important to seek 
help. If you find that you are experiencing these changes 
in behavior or notice them in a friend or family member 
and they begin to intensify or do not go away, reach out to 
a health care provider. 
The National Institute of Mental Health (NIMH) has 
information on ways to get help and find a health  
care provider or access treatment at www.nimh.nih.
gov/findhelp. 
If you or someone you know is struggling or having 
thoughts of suicide, call or text the 988 Suicide & 
Crisis Lifeline at 988 or chat at 988lifeline.org. In 
life-threatening situations, call 911.
Understanding 
Psychosis
What causes psychosis?
There is no one cause of psychosis. Psychosis appears to 
result from a complex combination of genetic risk, 
differences in brain development, and exposure to 
stressors or trauma. Psychosis may be a symptom of a 
mental illness, such as schizophrenia, bipolar disorder, or 
severe depression. However, a person can experience 
psychosis and never be diagnosed with schizophrenia or 
any other disorder. 
For older adults, psychosis symptoms can be part of a 
physical or mental illness that emerges later in life. 
Psychosis can also be a symptom of some diseases of 
older age, including Parkinson’s disease, Alzheimer’s 
disease, and related dementias.
Other possible causes of psychosis include sleep 
deprivation, certain prescription medications, and the 
misuse of alcohol or drugs. A mental illness, such as 
schizophrenia, is typically diagnosed by excluding these 
other causes. 
A qualified mental health professional (such as a 
psychologist, psychiatrist, or social worker) can provide  
a thorough assessment and accurate diagnosis. Find tips 
to help prepare for and get the most out of your visit at  
www.nimh.nih.gov/talkingtips. For additional resources, 
including questions to ask your health care provider,  
visit the Agency for Healthcare Research and Quality at 
www.ahrq.gov/questions. 
How is psychosis treated?
Studies have shown that it is common for a person to have 
psychotic symptoms for more than a year before receiving 
treatment. Reducing this duration of untreated psychosis 
is critical because early treatment often means better 
recovery. A qualified psychologist, psychiatrist, or social 
worker can make a diagnosis and help develop a 
treatment plan.
Treatment of psychosis usually includes antipsychotic 
medication. There are several different types of 
antipsychotic medications, and they have different side 
effects, so it is important to work with a health care 
provider to determine the medication that is most 
effective with the fewest side effects. 
Treatment also often includes other elements. There is 
substantial research support for coordinated specialty 
care, which is a multi-element, recovery-oriented team 
approach to treating psychosis that promotes easy access 
to care and shared decision-making among specialists, 
the person experiencing psychosis, and family members. 
People experience better outcomes from coordinated 
specialty care if they begin treatment as soon as possible 
after psychotic symptoms emerge. 
Coordinated specialty care is now the standard of care for 
early psychosis, according to “The American Psychiatric 
Association Practice Guideline for the Treatment of 
Patients With Schizophrenia.”"
23-MH-8110-Understanding-Psychosis.pdf,1,"Clinical trials studying psychosis and related disorders
NIMH supports a wide range of research, including clinical 
trials that look at new ways to prevent, detect, or treat 
diseases and conditions, such as psychosis. The goal of a 
clinical trial is to determine if a new test or treatment works 
and is safe. Although people may benefit from being part of 
a clinical trial, they should know that the primary purpose 
of a clinical trial is to gain new scientific knowledge so that 
others can be better helped in the future.
Researchers at NIMH and around the country conduct 
clinical trials with people experiencing psychosis and 
healthy volunteers. Talk to a health care provider about 
clinical trials, their benefits and risks, and whether one is 
right for you. For more information and to find a clinical 
trial, visit www.nimh.nih.gov/clinicaltrials. 
NIMH research on coordinated specialty care  
The Recovery After an Initial Schizophrenia Episode (RAISE) 
research project, supported by NIMH, established 
coordinated specialty care as an effective treatment for 
early psychosis and identified important elements for 
helping people lead productive, independent lives. Learn 
more about the RAISE studies at www.nimh.nih.gov/raise. 
NIMH continues to prioritize research on and expansion of 
treatments for early psychosis with the launch of the Early 
Psychosis Intervention Network (EPINET) in 2019. Through 
EPINET, NIMH funded awards to establish a national data 
coordinating center and regional scientific hubs connected 
to more than 100 coordinated specialty care programs that 
provide early psychosis treatment in 17 states. The EPINET 
website provides resources for researchers, health care 
providers, administrators, and people experiencing 
psychosis and their families. The website is found at 
https://nationalepinet.org. 
Coordinated specialty care consists of multiple components:
• Individual or group psychotherapy is tailored to a person’s 
recovery goals. Cognitive and behavioral therapies 
focus on developing the knowledge and skills necessary 
to build resilience and cope with aspects of psychosis 
while maintaining and achieving personal goals.
• Family support and education programs teach  
family members about psychosis as well as coping, 
communication, and problem-solving skills. Family 
members who are informed and involved are more 
prepared to help loved ones through the recovery process.
• Medication management (also called pharmacotherapy) 
means tailoring medication to a person’s specific needs 
by selecting the appropriate type and dose of medication 
to help reduce psychosis symptoms. Like all medications, 
antipsychotic medications have risks and benefits. People 
should talk with a health care provider about side effects, 
medication costs, and dosage preferences (daily pill or 
monthly injection).
• Supported employment and education services focus 
on return to work or school, using the support of a coach 
to help people achieve their goals.
• Case management provides opportunities for people 
with psychosis to work with a case manager to address 
practical problems and improve access to needed 
support services. 
Learn more about the components of coordinated 
specialty care at www.nimh.nih.gov/raise.  
People with psychosis should be involved in their 
treatment planning and consulted in making decisions 
about their care. Their needs and goals should drive the 
treatment programs, which will help them stay engaged 
throughout the recovery process.
It is important to find a mental health professional who is 
trained in psychosis treatment and who makes the person 
feel comfortable. With early diagnosis and appropriate 
treatment, it is possible to recover from psychosis. Some 
people who receive early treatment never have another 
psychotic episode. For other people, recovery means the 
ability to lead a fulfilling and productive life, even if 
psychotic symptoms sometimes return."
23-MH-8110-Understanding-Psychosis.pdf,2,"NIH Publication No. 23-MH-8110 
Revised 2023
How can I find help?
NIMH does not endorse specific psychosis clinics or 
evaluate individual practitioners’ professional qualifications 
or competencies. However, several organizations are 
available to assist in finding a treatment program in your 
area. The following is not a comprehensive list of all 
programs, and a program’s inclusion on the list does 
not constitute an endorsement by NIMH.
• Early Assessment and Support Alliance (EASA) : 
EASA offers a National Early Psychosis Directory  
that lists early psychosis programs across the  
United States. The directory is available at  
www.easacommunity.org/national-directory.php. 
For more information about EASA, visit  
www.easacommunity.org. 
• Early Psychosis Intervention Network (EPINET) : 
EPINET’s Early Psychosis Intervention Network Clinics 
provide treatment and services to individuals with 
early psychosis across 17 states. The list of states with 
early psychosis clinics is found at  
https://nationalepinet.org/epinet-clinics. 
For more information about EPINET, visit  
https://nationalepinet.org.
• National Alliance on Mental Illness (NAMI): The NAMI 
HelpLine can connect you with the NAMI office in your 
state and help you find programs close to home.  
Find ways to get help at www.nami.org/help. 
Also, you can talk with someone at the NAMI HelpLine, 
Monday–Friday, 10:00 a.m.–10:00 p.m. ET, by: 
■ Calling 1-800-950-NAMI (6264)
■ Texting “HelpLine” to 62640
■ Emailing helpline@nami.org
For more information about NAMI, visit www.nami.org.
• Psychosis-Risk and Early Psychosis Program 
Network (PEPPNET): PEPPNET supports an Early 
Psychosis Program Directory that provides services to 
people at risk for or experiencing early psychosis. The 
directory is available at https://med.stanford.edu/
peppnet/interactivedirectory.html . 
For more information about PEPPNET, visit  
https://med.stanford.edu/peppnet. 
• Substance Abuse and Mental Health Services 
Administration (SAMHSA): SAMHSA has an  
Early Serious Mental Illness Treatment Locator 
for finding mental health treatment facilities and 
programs. Find a facility in your state at  
www.samhsa.gov/esmi-treatment-locator. 
For more information about SAMHSA, visit  
www.samhsa.gov. 
For more information
MedlinePlus (National Library  
of Medicine)
https://medlineplus.gov  
(en español: https://medlineplus.gov/
spanish)
ClinicalTrials.gov
www.clinicaltrials.gov  
(en español: https://salud.nih.gov/
investigacion-clinica) 
Reprints
The information in this publication is in the 
public domain and may be reproduced or 
copied without permission. However, you 
may not reuse or copy the images in the 
publication. If you use our information, 
please cite the National Institute of Mental 
Health. To learn more about reusing NIMH 
content, refer to www.nimh.nih.gov/reprints.
National Institute of Mental 
Health
Office of Science Policy, Planning, 
and Communications 
Phone: 1-866-615-6464  
Email: nimhinfo@nih.gov 
www.nimh.nih.gov 
Follow NIMH on  
Social Media @NIMHgov"
PANS and PANDAS_ Questions and Answers - National Institute of Mental Health (NIMH).pdf,0,"The National Institute of Mental Health: https://www.nimh.nih.gov/health/publications/pandas
PANS and PANDAS: Questions and Answers
En español
What are PANS and PANDAS?
Pediatric Acute-onset Neuropsychiatric Syndrome (PANS) and Pediatric Autoimmune Neuropsychiatric Disorders Associated with Streptococcal
Infections (PANDAS) are conditions that are characterized by a sudden and severe onset of obsessive-compulsive disorder (OCD) or restrictive
eating disorder in children before puberty. PANS and PANDAS are also often associated with noticeable changes in mood, behavior, and sensory
and motor function in children.
PANS may be triggered by various infections, immune system issues, or environmental factors. PANDAS is a subtype of PANS and is specifically
associated with an infection from streptococcal (strep) bacteria—such as strep throat or scarlet fever.
For both conditions, the symptoms are usually intense, occur quickly and unexpectedly, and may come and go over time. They can include:
Compulsions (repetitive behaviors a person feels the urge to do)
Obsessions (uncontrollable and recurring thoughts)
Motor and vocal tics
Moodiness, anxiety, or unusual concern about separating from family
What causes PANS and PANDAS?
Researchers don’t know the exact causes of PANS. One theory is that it is triggered by an immune response that leads to inflammation in the
brain. Infections other than strep, immune system disruptions, or environmental factors may cause this reaction. When the immune system
mistakenly attacks healthy brain tissue, it can lead to sudden and severe symptoms, such as obsessive-compulsive behaviors, tics, anxiety, and
mood changes.
PANDAS is a specific type of PANS that is believed to be caused by a strep infection. When the immune system fights the infection, it may
mistakenly attack healthy areas of the body—including the brain—which can lead to the sudden development of OCD, tics, and other symptoms
of PANDAS. Researchers are still looking for the specific antibody that may cause PANDAS.
How common are PANS and PANDAS?
The exact prevalences of PANS and PANDAS are unknown, but these conditions are considered rare.
Could an adult develop PANS or PANDAS?
PANS and PANDAS typically first appear in childhood, from age 3 to puberty. It’s unlikely, though possible, that an adult could develop one of
these conditions. While adolescents and adults could develop a similar immune-related form of OCD, this possibility has not been thoroughly
studied.
What are the symptoms of PANS and PANDAS?
PANS and PANDAS share many of the same symptoms. Children with PANS or PANDAS may experience:
Sudden and severe onset of OCD or tic disorder
Changes to eating, such as refusing to eat or showing highly selective eating patterns
Changes in motor skills, such as changes in handwriting
Joint pains
Remove from Print
07/09/2025, 22:21 PANS and PANDAS: Questions and Answers - National Institute of Mental Health (NIMH)
https://www.nimh.nih.gov/health/publications/pandas 1/4
Mood changes, such as irritability, sadness, or a tendency to laugh or cry unexpectedly and inappropriately
Sudden onset of nighttime bed-wetting, frequent daytime urination, or both
Sudden onset of separation anxiety
Hyperactivity, inattention, or fidgeting
Trouble sleeping
PANS and PANDAS are episodic disorders, meaning that symptoms may disappear for extended periods and then reappear. For example, if a
child with PANDAS gets another strep infection, their symptoms may worsen. Symptoms may get increasingly severe with multiple recurrences.
How do PANS and PANDAS differ from typical OCD?
Many children with typical OCD or tics develop obsessions and compulsions over time—it may take weeks, months, or even years before OCD-
like symptoms become noticeable to others.
In contrast, children with PANS or PANDAS have a very sudden onset or worsening of symptoms—with symptoms usually reaching full intensity
in a few days after onset— followed by a slow, gradual improvement.
Learn more about OCD.
How are PANS and PANDAS diagnosed?
Diagnosing PANS or PANDAS can be challenging. The causes of PANS are unclear and varied, and health care providers must rule out many other
conditions first. Because infections, anxiety, and tic disorders are common in children, and no lab tests can confirm PANS or PANDAS, diagnosis
often requires a thorough evaluation. If your child has symptoms, talk to a health care provider.
PANS is diagnosed by a health care provider using the following criteria:
Sudden onset of OCD or severely restricted food intake
Sudden onset of at least two other neuropsychiatric symptoms:
Anxiety
Mood changes or depression
Irritability, aggression, or severe oppositional behaviors
Loss of skills or abilities, such as loss of age-appropriate language
Sudden drop in school performance
Unusual movement or sensory issues
Problems with sleep, frequent urination, or bedwetting
Symptoms are not better explained by a known medical condition
PANDAS is diagnosed by a health care provider using the following criteria:
Presence of OCD, a tic disorder, or both
Symptoms begin in childhood (i.e., age 3 to puberty)
Episodic symptom severity (symptoms may disappear then reappear and increase in severity)
History of a strep infection, such as a positive throat culture for strep or scarlet fever, within 3 months of symptom onset
Physical hyperactivity or unusual, jerky movements that are outside the child’s control
Sudden onset or worsening of symptoms
If symptoms have lasted over a week, a health care provider may order blood tests to see if the child has had a strep infection.
My child has had strep throat before and has tics, OCD, or both. Does that mean
they have PANDAS?
No. Many children have OCD, tics, or both, and it is common for grade-school students to have two or three strep throat infections each year.
07/09/2025, 22:21 PANS and PANDAS: Questions and Answers - National Institute of Mental Health (NIMH)
https://www.nimh.nih.gov/health/publications/pandas 2/4
For a child to have PANDAS, there needs to be a sudden onset or worsening of OCD, tics, or both, and a strep infection. If a child is found to have
strep around the time of episodes of OCD, tics, or both, then they may have PANDAS.
What if my child’s health care provider is unfamiliar with PANS or PANDAS?
Contact the International OCD Foundation  or the PANDAS Physicians Network  to find a health care provider who may be knowledgeable about
PANS and PANDAS.
NIMH is a research funding agency and cannot provide medical advice or provider referrals. If you need medical advice or a second opinion,
please consult your health care provider. Resources on this page are provided for informational purposes only. The list is not comprehensive
and does not constitute an endorsement by NIMH.
What are the treatment options for children with PANS or PANDAS?
Treatment for PANS or PANDAS focuses on addressing the underlying cause, managing symptoms, and supporting the immune system. Children
and their families can work with their health care provider to develop a comprehensive treatment plan.
The best treatment for sudden episodes of PANDAS is to treat the strep infection with antibiotics. Health care providers will order a throat culture
to see if strep bacteria are present. If the throat culture is positive, antibiotics are usually prescribed to treat the strep infection and reduce
PANDAS symptoms.
Children with PANS or PANDAS may benefit from cognitive behavioral therapy, selective serotonin reuptake inhibitor (SSRI) medication, or both
to help manage OCD, anxiety, tics, or eating issues.
It’s important to work closely with a health care provider to manage PANS or PANDAS. If symptoms worsen, treatment adjustments may be
necessary. Children and their families should consult with a health care provider before stopping or changing any medication.
What is the outlook for someone diagnosed with PANS or PANDAS?
The outlook for PANS or PANDAS varies depending on the severity of symptoms, the underlying cause, and how quickly treatment is started after
symptoms begin. Some children recover fully, especially with early intervention, while others may experience recurring episodes or chronic
symptoms.
Can PANS and PANDAS be treated with intravenous administration of
immunoglobulins?
Research suggests that intravenous administration of immunoglobulins (IVIG) and similar treatments may improve the symptoms of PANS and
PANDAS. However, these treatments can cause side effects including nausea, vomiting, headaches, and dizziness. There is also a risk of infection
with IVIG and similar treatment.
Because of side effects and risks, health care providers only consider IVIG treatment for children with severe PANS or PANDAS.
Can antibiotics be used to treat PANS and PANDAS or prevent future symptoms?
Researchers at NIMH have been investigating the use of antibiotics to prevent PANDAS. However, there isn’t enough evidence to recommend the
long-term use of antibiotics.
How can I find help?
If you have concerns about your or your child’s health, start by talking to a primary care provider. They can help determine the next steps and, if
needed, refer you to a qualified mental health professional, such as a psychologist, psychiatrist, or clinical social worker, who can provide
additional support. Find tips for talking with a health care provider about your mental health.
07/09/2025, 22:21 PANS and PANDAS: Questions and Answers - National Institute of Mental Health (NIMH)
https://www.nimh.nih.gov/health/publications/pandas 3/4
What are clinical trials and why are they important?
Clinical trials are research studies that look at ways to prevent, detect, or treat diseases and conditions. These studies help show whether a
treatment is safe and effective in people. Some people join clinical trials to help doctors and researchers learn more about a disease and improve
health care. Other people, such as those with health conditions, join to try treatments that aren’t widely available.
NIMH supports clinical trials across the United States. Talk to a health care provider about clinical trials and whether one is right for you. Learn
more about participating in clinical trials.
For more information
Learn more about mental health disorders and topics. For information about various health topics, visit the National Library of Medicine’s
MedlinePlus  resource.
Reprints
The information in this publication is in the public domain and may be reused or copied without permission. However, you may not reuse or copy
images. Please cite the National Institute of Mental Health as the source. Read our copyright policy to learn more about our guidelines for reusing
NIMH content.
U.S. Department of Health and Human Services
National Institutes of Health
Revised 2025
07/09/2025, 22:21 PANS and PANDAS: Questions and Answers - National Institute of Mental Health (NIMH)
https://www.nimh.nih.gov/health/publications/pandas 4/4"
bipolar-disorder-in-children-and-teens.pdf,0,"DisorderBipolar
in Children 
and Teens
Does your child go through extreme changes in mood and 
behavior? Does your child get much more excited or much more 
irritable than other kids? Do you notice that your child goes through 
cycles of extreme highs and lows in mood and energy levels 
more often than other children? Do these mood changes affect 
how your child acts at school or home?
Some children and teens with these symptoms may have bipolar 
disorder, a mental illness that causes unusual shifts in mood, 
energy, activity levels, and day-to-day functioning. With treatment, 
children and teens with bipolar disorder can improve over time.
What is bipolar disorder?
Bipolar disorder (formerly called manic-depressive illness or manic 
depression) is a mental illness that causes people to experience noticeable, 
sometimes extreme, changes in mood and behavior. It is a common 
misperception that children cannot have bipolar disorder. Although most 
people are diagnosed with bipolar disorder in adolescence or adulthood, the 
symptoms can appear earlier in childhood. 
Bipolar disorder is not the same as the typical ups and downs every child 
goes through. The mood changes in bipolar disorder are more extreme, often 
unprovoked, and accompanied by changes in sleep, energy level, and the 
ability to think clearly.
Children with bipolar disorder sometimes feel very happy or “up” and are 
much more energetic and active than usual. This is called a manic episode . 
Children with bipolar disorder sometimes feel very sad or “down” and are 
much less active than usual. This is called a depressive episode. Bipolar 
disorder is often episodic, but it usually lasts a lifetime. 
Bipolar disorder symptoms can make it hard to perform well in school or get 
along with friends and family members. Some children and teens with bipolar 
disorder may try to hurt themselves or attempt suicide. Early diagnosis and 
treatment can lead to better functioning and well-being over the long term.
Signs and symptoms of bipolar disorder may overlap with symptoms of other 
disorders that are common in young people, such as attention-deficit/
hyperactivity disorder (ADHD), conduct problems, major depression, and 
anxiety disorders. 
Diagnosing bipolar disorder can be complicated and requires a careful and 
thorough evaluation by a trained, experienced mental health professional.
With treatment, children and teens with bipolar disorder can manage their 
symptoms and lead full, active lives.
What causes bipolar disorder?
The exact causes of bipolar disorder are unknown, but several factors may 
contribute to the illness.
For example, researchers are beginning to uncover genetic factors linked to 
bipolar disorder and other mental illnesses. Research shows that a person’s 
chances of having bipolar disorder are higher if they have a close family 
member with the illness, which may be because they have the same genetic 
variations. However, just because one family member has bipolar disorder 
does not mean other family members will have it. Many genes are involved in 
the disorder, and no single gene causes it.
Research also suggests that people with a genetic risk of having bipolar 
disorder may be more likely to develop the disorder after experiencing trauma 
or other stressful life events.
Some research studies have found differences in brain structure and function 
between people with bipolar disorder and people without it. Researchers are 
examining these differences to learn more about possible causes and 
effective treatments.
What are the symptoms of bipolar disorder?
Mood episodes in bipolar disorder include intense emotions and significant 
changes in sleep habits, activity levels, thoughts, or behaviors. Children and 
teens with bipolar disorder may have manic episodes, depressive episodes, or 
“mixed” episodes. A mixed episode has both manic and depressive 
symptoms. These mood episodes cause symptoms that often last for several 
days or weeks. During an episode, symptoms occur every day and last for 
most of the day.
These mood and activity changes are very different from the child’s usual 
behavior and the behavior of healthy children and teens.
Children and teens having a manic episode may:
• Show intense happiness or silliness for long periods of time.
• Have a very short temper or seem extremely irritable.
• Talk fast about a lot of different things.
• Have trouble sleeping but do not feel tired.
• Have trouble staying focused and experience racing thoughts.
• Seem overly interested or involved in pleasurable but risky activities.
• Do risky or reckless things that show poor judgment.
• Have an inflated sense of ability, knowledge, and power.
Children and teens having a depressive episode may:
• Feel frequent and unprovoked sadness.
• Show increased irritability, anger, or hostility.
• Complain a lot about physical pain, such as stomachaches and headaches.
• Start sleeping a lot more.
• Have difficulty concentrating.
• Feel hopeless and worthless.
• Have difficulty communicating or maintaining relationships.
• Eat too much or too little.
• Have low energy and no interest in activities they usually enjoy.
• Think about death or have thoughts of suicide.
Can children and teens with bipolar disorder have  
other problems?
Young people with bipolar disorder can have several problems at the same 
time. For example, they may also be at risk of misusing alcohol or drugs. 
Sometimes extreme behaviors go along with mood episodes. During manic 
episodes, young people with bipolar disorder may take extreme risks that 
they wouldn’t usually take or that could cause them harm or injury. During 
depressive episodes, some young people with bipolar disorder may think 
about running away from home or have thoughts of suicide.
If your child shows signs of suicidal thinking, take these signs seriously and 
call your child’s health care provider.
If your child is struggling or having thoughts of suicide, call or text the 988 
Suicide & Crisis Lifeline at 988 or chat at 988lifeline.org. This service is 
confidential, free, and available 24 hours a day, 7 days a week.
How is bipolar disorder diagnosed?
A health care provider will ask questions about your child’s mood, sleeping 
patterns, energy levels, and behavior. There are no blood tests or brain scans 
that can diagnose bipolar disorder. However, the health care provider may use 
tests to determine if something other than bipolar disorder is causing your 
child’s symptoms. Health care providers may need to know about medical 
conditions in the family, such as depression or substance use.
Other disorders—such as ADHD, disruptive mood dysregulation disorder, 
oppositional defiant disorder, conduct disorder, and anxiety disorders—have 
symptoms like those of bipolar disorder. It can be challenging to distinguish 
bipolar disorder from depression that occurs without mania, referred to as 
“major depression.” A health care provider who specializes in working with 
children and teens can carefully evaluate your child’s symptoms to provide an 
accurate diagnosis.
How is bipolar disorder treated?
Children and teens can work with their health care provider to develop a 
treatment plan to help them manage their symptoms and improve their quality 
of life. It is important to follow the treatment plan, even when your child is not 
currently experiencing a mood episode. Steady, dependable treatment works 
better than treatment that starts and stops. 
Several types of medication can help treat symptoms of bipolar disorder. 
Children respond to medications in different ways. They may need to try 
different types of medication to find the one that works best for them. 
Some children may need more than one type of medication because their 
symptoms are complex. Health care providers usually try to prescribe the 
fewest number of medications and the smallest doses possible to help treat 
a child’s symptoms. Always tell your child’s health care provider about 
any medication side effects. Do not stop giving your child a prescribed 
medication without speaking to a health care provider. Stopping medication 
suddenly can be dangerous and can make symptoms worse.
Different kinds of psychosocial therapy can also help children and their 
families manage the symptoms of bipolar disorder. Therapies based on 
scientific research—including cognitive behavioral approaches and family-
focused therapy—can provide support, education, and guidance to youth 
and their families. These therapies teach skills that can help people manage 
bipolar disorder, including skills for maintaining routines, enhancing emotion 
regulation, and improving social interactions.
What can children and teens expect from treatment?
With treatment, daily functioning and well-being can improve over time. 
Treatment is more effective when health care providers, caregivers, and 
young people work together.
Sometimes a child’s symptoms may change or disappear and then come back. 
When this happens, your child’s health care provider may recommend 
changes to the treatment plan. Treatment can take time but sticking with the 
treatment plan can help young people manage their symptoms and reduce 
the likelihood of future episodes.
Your child’s health care provider may recommend keeping a daily life chart or 
mood chart to track your child’s moods, behaviors, and sleep patterns. This 
may make it easier to track the illness and see whether treatment is working.
How can I help my child or teen?
Help begins with an accurate diagnosis and treatment. Talk to your child’s 
health care provider about any symptoms you notice.
If your child has bipolar disorder, here are some basic things you can do:
• Be patient.
• Encourage your child to talk, and listen to your child carefully.
• Pay attention to your child’s moods, and be alert to any major changes.
• Understand triggers and learn strategies for managing intense emotions 
and irritability.
• Help your child have fun.
• Remember that treatment takes time: Sticking with the treatment plan can 
help your child get better and stay better.
• Help your child understand that treatment can make life better.
How does bipolar disorder affect caregivers and families?
Caring for a child or teenager with bipolar disorder can be stressful for parents 
and families. Coping with a child’s mood episodes and other symptoms—such 
as short tempers and risky behaviors—can challenge any caregiver.
It is important that caregivers take care of themselves, too. Find someone you 
can talk to or consult your health care provider about support groups. Finding 
support and strategies for managing stress can help you and your child.
Where do I go for help?
If you’re unsure of where to get help, your doctor, pediatrician, or other  
family health care provider is a good place to start. A health care provider  
can refer you to a qualified mental health professional, such as a psychiatrist 
or psychologist, who has experience treating bipolar disorder and can 
evaluate your child’s symptoms.
Learn more about getting help on the National Institute of Mental Health 
(NIMH) website at www.nimh.nih.gov/findhelp. The Substance Abuse 
and Mental Health Services Administration has an online tool at  
https://findtreatment.samhsa.gov to help you find mental health  
services in your area.
If you or someone you know is struggling or having thoughts of  
suicide, call or text the 988 Suicide & Crisis Lifeline at 988 or chat at 
988lifeline.org. In life-threatening situations, call 911.
What should I know about clinical trials?
NIMH supports a wide range of research, including clinical trials that look at 
new ways to prevent, detect, or treat diseases and conditions—including 
bipolar disorder. Although individuals may benefit from being part of a clinical 
trial, participants should be aware that the primary purpose of a clinical trial  
is to gain new scientific knowledge so that others may be better helped in  
the future.
Researchers at NIMH and around the country conduct clinical trials with 
patients and healthy volunteers. Talk to a health care provider about clinical 
trials, their benefits and risks, and whether one is right for you. For more 
information, visit www.nimh.nih.gov/clinicaltrials.
Reprints
This publication is in the public domain and may be reproduced or copied 
without permission from NIMH. We encourage you to reproduce and use 
NIMH publications in your efforts to improve public health. If you do use our 
materials, we request that you cite the National Institute of Mental Health. To 
learn more about citing NIMH publications, refer to www.nimh.nih.gov/reprints. 
For More Information
NIMH website 
www.nimh.nih.gov 
www.nimh.nih.gov/espanol (en español)
MedlinePlus (National Library of Medicine)  
https://medlineplus.gov 
https://medlineplus.gov/spanish (en español)
ClinicalTrials.gov  
www.clinicaltrials.gov 
https://salud.nih.gov/investigacion-clinica (en español)
National Institute of Mental Health 
Office of Science Policy, Planning, and Communications 
6001 Executive Boulevard 
Room 6200, MSC 9663 
Bethesda, MD 20892-9663 
Toll-free: 1-866-615-6464  
Email: nimhinfo@nih.gov  
Website: www.nimh.nih.gov 
U.S. DEPARTMENT OF HEALTH AND HUMAN SERVICES  
National Institutes of Health 
NIH Publication No. 23-MH-8081 
Revised 2023
National Institute
of Mental Health"
lets-talk-about-eating-disorders.pdf,0,"Let’s Talk About Eating Disorders
The way we talk about eating disorders matters. 
H
ere are some facts to help you discuss them.
“Eating disorders are serious and can be fatal.”
Eating disorders often involve serious medical complications that can 
cause permanent damage or death. People with eating disorders also 
have an increased risk of dying by suicide.
“Eating disorders are caused by a variety of factors.”
Several factors can increase a person’s risk of developing an eating 
disorder, including biological, psychological, and social factors. An 
eating disorder is not a lifestyle choice.
“Eating disorders can affect anyone.”
Eating disorders do not discriminate. They affect people of all 
ages, races, ethnicities, and sexes.
“You can’t tell if someone has an eating disorder by 
looking at them.”
People with eating disorders can be underweight, average weight, or 
overweight.
“Family members can be a patient’s best ally during 
treatment.”
Family members can encourage a family member with eating or body 
image issues to seek help and provide support during treatment.
“It is possible to recover from an eating disorder.”
Recovery is possible with treatment and time.
nimh.nih.gov/eatingdisorders 
NIMH Identifier No. OM 24-4317"
depression-women_508.pdf,0,"From the NATIONAL INSTITUTE of  MENTAL HEALTH 
Depression 
in Women:  
4 THINGS TO KNOW
Depression  is a medical condition. 
Depression is a common but serious mood disorder. 
Research suggests that depression is caused by a 
combination of genetic, biological, environmental, and 
psychological factors. 
All people can feel depressed, but the disorder is 
especially common among women due to unique 
biological, hormonal, and social experiences. 
Depression is not brought on by anything a woman 
has or has not done, and it is not something she  
can “snap out” of. Most women need treatment to 
feel better.
Depression  has signs and  
symptoms to look out for.
Sadness is only one part of depression. Other common 
symptoms include: 
• Anxiety or irritability
• Feelings of hopelessness, worthlessness, or 
helplessness
• Loss of interest or pleasure in hobbies and activities
• Fatigue, lack of energy, or feeling slowed down
• Difficulty concentrating, remembering, or making 
decisions
• Changes in sleep or appetite
• Physical aches or pains that do not have a clear 
physical cause 
• Thoughts of death or suicide or suicide attempts
These symptoms can make it hard to think, work, 
sleep, study, eat, and enjoy life. Talk to a health care 
provider if you experience symptoms most of the day, 
nearly every day, for at least 2 weeks. Depression 
does not look the same for everyone; some women 
may experience many symptoms, and others may 
experience only a few. 
Feeling sad is a normal reaction to difficult times in life. Depression is different—it is 
a mood disorder that can affect how a person feels, thinks, and acts. Read this fact 
sheet to learn about depression in women and ways to get help.
Communicating well with a health care provider can improve your care. NIMH provides ways to get help, find a 
health care provider, and access treatment at www.nimh.nih.gov/findhelp. For tips on preparing for and getting the 
most out of your health care visit, see www.nimh.nih.gov/talkingtips . 
If you or someone you know is struggling or having thoughts of suicide, call or text the 988 Suicide and Crisis 
Lifeline at 988 or chat at 988lifeline.org. In life-threatening situations, call 911.
Certain types of depression  are 
unique to women.
Certain types of depression occur at specific stages of 
a woman’s life. Pregnancy, the postpartum period, the 
menstrual cycle, and perimenopause are associated 
with physical and hormonal changes that can bring on 
a depressive episode in some women.
• Premenstrual dysphoric disorder is a more intense 
form of premenstrual syndrome, or PMS, that occurs in 
the weeks before menstruation. The disorder causes 
severe symptoms, such as depressed mood, anger 
or irritability, suicidal thoughts, appetite changes, 
bloating, breast tenderness, and joint or muscle pain.
• Perinatal depression occurs during pregnancy or 
after childbirth. It is more than the “baby blues” many 
new moms experience after giving birth. Women 
with perinatal depression feel extreme sadness, 
anxiety, and fatigue that may make it difficult to carry 
out daily tasks, including caring for themselves or 
others. Learn more about perinatal depression at 
www.nimh.nih.gov/perinataldepression.
• Perimenopausal depression affects some women 
during the transition to menopause. Whereas abnormal 
periods, problems sleeping, mood swings, and hot 
flashes are common during the menopause transition, 
more extreme feelings of irritability, anxiety, sadness, 
or loss of enjoyment may be signs of depression.  
You can get help for depression.
Even the most severe depression can be treated. 
Common treatments are antidepressant medication, 
talk therapy (virtual or in person), or a combination of 
medication and therapy.
There is no “one-size-fits-all” for treatment. It may take 
trial and error to find the best one for you. A health 
care provider can explain the different options and 
help you choose the best treatment based on your 
symptoms. With help, you can feel better. 
For more information on treatments for depression, 
visit www.nimh.nih.gov/depression.  
NIH Publication No. 23-MH-4779 
Revised 2023
Find additional resources 
The following agencies have more information 
on depression in women:
• Depression (Office on Women’s Health)  
www.womenshealth.gov/mental-health/ 
mental-health-conditions/depression 
• Depression Among Women (Centers for 
Disease Control and Prevention)  
www.cdc.gov/reproductivehealth/depression 
• Women and Depression (U.S. Food and  
Drug Administration)  
www.fda.gov/consumers/women/women-
and-depression 
The Substance Abuse and Mental Health 
Services Administration provides an online 
resource for finding mental health services in your 
area at https://findtreatment.gov. 
Reprints
The information in this publication is in the public domain and may be reused or copied without permission. 
However, you may not reuse or copy images. Please cite the National Institute of Mental Health as the source. Read 
our copyright policy to learn more about our guidelines for reusing NIMH content at www.nimh.nih.gov/copyright.
Follow NIMH on social media @NIMHgov
www.nimh.nih.gov
Contact: nimhinfo@nih.gov"
Teen_Depression_More_Than_Just_Moodiness_2022.pdf,0,"How do I get help 
for depression?
■Talk to a trusted adult (such as
your parent or guardian, teacher, or
school counselor) about how you’ve
been feeling.
■ Ask your doctor about options for
professional help. Depression can
be treated with psychotherapy (also
called “talk therapy”), medication,
or a combination of medication and
talk therapy.
■Try to spend time with friends or
family, even if you don’t feel like
you want to.
■Stay active and exercise, even if
it’s just going for a walk. Physical
activity releases chemicals, such as
endorphins, in your brain that can
help you feel better.
■Try to keep a regular sleep schedule.
■Eat healthy foods.
Do I have 
depression?
■ Do you often feel sad, anxious,
worthless, or even “empty”?
■ Have you lost interest in
activities you used to enjoy?
■ Do you get easily frustrated,
irritable, or angry?
■ Do you find yourself withdrawing
from  friends and family?
■ Are your grades dropping?
■ Have your eating or sleeping
habits changed?
■ Have you experienced any
fatigue or memory loss?
■ Have you thought about suicide
or harming yourself?
Depression looks different for everyone. 
You might have many of the symptoms 
listed above or just a few. 
Teen Depression: More than just moodiness
Being a teenager can be tough, but it shouldn’t feel hopeless. If you 
have been feeling sad most of the time for a few weeks or longer and 
you’re not able to concentrate or do the things you used to enjoy, talk to 
a trusted adult about depression.
You’re not alone, and help is available. You can feel better.  
To get help, call or text the 988 Suicide & Crisis Lifeline at 988 or chat at 988lifeline.org.
nimh.nih.gov/depression
NIMH Identifier No. OM 22-4321"
autism-spectrum-disorder.pdf,0,"Autism 
Spectrum 
Disorder
What is autism spectrum disorder?
Autism spectrum disorder (ASD) is a neurological and developmental disorder 
that affects how people interact with others, communicate, learn, and behave. 
Although autism can be diagnosed at any age, it is described as a “developmental 
disorder” because symptoms generally appear in the first two years of life.
According to the Diagnostic and Statistical Manual of Mental Disorders (DSM-5), a 
guide created by the American Psychiatric Association that health care providers 
use to diagnose mental disorders and developmental disorders, people with ASD 
often have:
● Difficu
lty with social communication and interaction with other people
● Rest
ricted interests and repetitive behaviors
● Symp
toms that affect their ability to function in school, work, and other areas
of life
Autism is known as a “spectrum” disorder because people with autism have a 
range of characteristics, needs, strengths, and challenges.
People of all ages, races, ethnicities, sexes, and economic backgrounds can be 
diagnosed with ASD. Although ASD can be a lifelong disorder, treatments, 
services, and supports can improve a person’s health, well-being, and daily 
functioning. The American Academy of Pediatrics recommends that all children 
receive
 screening for autism. Caregivers should talk to their child’s health care 
provider about ASD screening or evaluation.
Wha
t are the signs and symptoms of ASD?
The list below gives some examples of different types of behaviors that are 
common among people diagnosed with ASD. Not all people with ASD will have 
all behaviors, but most will have several of the behaviors listed below.
Social communication and social interaction behaviors may include:
● Maki
ng little or inconsistent eye contact
● Appe
aring not to look at or listen to people who are talking
● Infr
equently sharing interest, emotion, or enjoyment of objects or activities
(including infrequently pointing at or showing things to others)
● Not re
sponding or being slow to respond to one’s name or other verbal bids
for attention
● Havi
ng difficulties with the back and forth of conversation
● Ofte
n talking at length about a subject of interest without considering social
cues or conversational give-and-take
● Disp
laying facial expressions, movements, and gestures that do not match
what is being said
 ● Having an unusual tone of voice that may sound flat, lacking emotion or  
tonal variation 
 ● Having trouble understanding another person’s point of view or being unable 
to predict or understand other people’s actions
 ● Difficulties adjusting behavior to different social situations 
 ● Difficulties sharing in imaginative play or in making friends
Restrictive/repetitive behaviors may include:
 ● Repeating certain behaviors or having unusual behaviors, such as repeating 
words or phrases (a behavior called echolalia)
 ● Having a lasting intense interest in specific topics, such as numbers, details, or facts
 ● Showing overly focused interests, such as with moving objects or with parts 
of objects
 ● Becoming upset by slight changes in a routine and having difficulty with transitions
Autistic people often have sensory differences such as:
 ● Being more sensitive or less sensitive than other people to sensory input, such 
as light, sound, clothing, or temperature
People with ASD also may experience sleep problems and irritability. 
People on the autism spectrum also may have many strengths, including:
 ● Being able to learn things in detail and remember information for long periods 
of time
 ● Being strong visual and auditory learners
 ● Excelling in math, science, music, or art
What causes ASD?
 Researchers do not know the primary causes of ASD, but studies suggest that a 
person’s genes and aspects of their environment may affect development in ways 
that lead to ASD. Some factors that are associated with an increased likelihood of 
developing ASD include:
 ● Having a sibling with ASD
 ● Having older parents
 ● Having a very low birth weight
 ● Having certain genetic conditions 
(such as Down syndrome or Fragile 
X syndrome)
Not everyone who has these factors will develop ASD.
How is ASD diagnosed?
Health care providers diagnose ASD by evaluating a person’s behavior and 
development. ASD can usually be reliably diagnosed by the age of 2. It is 
important to seek an evaluation as soon as possible. The earlier ASD is 
diagnosed, the sooner treatments and services can begin.
Diagnosis in young children
Diagnosis in young children is often a two-stage process.
Stage 1: General developmental screening during well-child checkups
Every child should receive well-child checkups with a pediatrician or an early 
childhood health care provider. The American Academy of Pediatrics 
recommends that all children receive screening for developmental delays at their 
9-, 18-, and 24- or 30-month well-child visits, with specific autism screenings at 
the 18- and 24-month well-child visits. A child may receive additional screenings if 
they have an increased likelihood of developing ASD or developmental problems. 
Considering caregivers’ experiences and concerns is an important part of the 
screening process for young children. The health care provider may ask 
questions about the child’s behaviors and evaluate those answers together with 
information from ASD screening tools and clinical observations of the child. To 
learn more about ASD screening, visit the Centers for Disease Control and 
Prevention (CDC) website at www.cdc.gov/autism/diagnosis.
The health care provider may refer the child for additional evaluation if they show 
developmental differences in behavior or functioning during this screening 
process.
Stage 2: Additional diagnostic evaluation
It is important to accurately detect and diagnose children with ASD as early as 
possible, as this will shed light on their unique strengths and challenges. Early 
detection can also help caregivers determine which services, educational 
programs, and behavioral therapies are most likely to be helpful for their child. 
A team of health care providers who have experience diagnosing ASD will 
conduct the diagnostic evaluation. This team may include child neurologists, 
developmental behavioral pediatricians, speech-language pathologists, child 
psychologists and psychiatrists, educational specialists, and occupational 
therapists. 
The diagnostic evaluation is likely to include:
 ● Medical and neurological examinations
 ● Assessment of the child’s cognitive abilities
 ● Assessment of the child’s speech and language abilities
 ● Observation of the child’s behavior
 ● An in-depth conversation with the child’s caregivers about the child’s behavior 
and development
 ● Assessment of age-appropriate skills needed to complete daily activities 
independently, such as eating, dressing, and toileting
 ● Questions about the child’s family history
Because ASD is a complex disorder that sometimes occurs with other conditions 
or learning disorders, the comprehensive evaluation may include blood tests and 
a hearing test.
The outcome of this evaluation may result in a formal diagnosis and 
recommendations for treatment.
Diagnosis in older children and adolescents
Caregivers and teachers are often the first to recognize ASD symptoms in older 
children and adolescents. The school’s special education team may perform an 
initial evaluation and then recommend that a child receive additional evaluation 
from their primary health care provider or a health care provider who specializes 
in ASD.
A child’s caregivers may talk with these health care providers about the child’s 
social difficulties, including problems with subtle communication. These subtle 
communication differences may include problems understanding tone of voice, 
facial expressions, or body language. Older children and adolescents may have 
trouble understanding figures of speech, humor, or sarcasm. They also may have 
challenges forming friendships with peers. 
It is also important for the health care provider to learn about the child’s strengths 
so they can tailor their recommendations for services and supports. 
Diagnosis in adults
Diagnosing ASD in adults is often more difficult than diagnosing ASD in children. 
In adults, some ASD symptoms can overlap with symptoms of mental disorders 
such as an anxiety disorder or attention-deficit/hyperactivity disorder (ADHD).
Adults who have questions about whether they may be on the autism spectrum 
should talk with a health care provider and ask for a referral for an ASD evaluation. 
Although evaluation for ASD in adults is still being refined, adults can be referred 
to a neuropsychologist, psychologist, or psychiatrist who has experience with 
ASD. The expert will ask about:
 ● Social interaction and 
communication challenges
 ● Sensory issues
 ● Repetitive behaviors
 ● Restricted interests
The evaluation may also include a conversation with caregivers and family 
members to learn about the person’s early developmental history, which can help 
ensure an accurate diagnosis. 
Obtaining a correct diagnosis of ASD as an adult can help people understand 
past challenges, identify personal strengths, and find the right kind of help. 
Studies are underway to determine the types of services and supports that are 
most helpful for autistic transition-age youth and adults. 
What treatments and services are available for ASD?
Interventions, services, and supports for ASD are most effective when they begin 
as soon as possible after diagnosis. Receiving appropriate care and services can 
help address a person’s specific needs and challenges while also helping them 
learn new skills and build on their strengths.
People with ASD have a wide range of issues and needs, which means there is 
no single best approach. Working closely with health care and service providers 
is an important part of finding the right combination of interventions, services, 
and supports. 
Interventions and Services
People with ASD may be referred to health care and service providers who 
specialize in various intervention approaches, including behavioral, psychological, 
educational, occupational, physical, or speech-language therapy. These 
interventions and services are often highly structured and intensive and may involve 
caregivers, siblings, and other family members. These programs may help people:
 ● Learn social, communication, and language skills
 ● Manage behaviors that interfere with daily functioning and well-being
 ● Increase or build on strengths
 ● Learn life skills for living independently 
 ● Find housing, educational supports, and job coaching or training
Medication
A health care provider may prescribe medication to treat specific symptoms, including:
 ● Aggression
 ● Anxiety and depression
 ● Attention
 ● Hyperactivity
 ● Irritability
 ● Repetitive behavior
 ● Self-injurious behavior
Read the most up-to-date information on medication, side effects, and warnings on 
the U.S. Food and Drug Administration (FDA) website at www.fda.gov/drugsatfda.
Finding services, programs, and resources
Many services, programs, and other resources are available to help people with 
autism and their families. Here are some tips for finding these additional resources:
● Con
tact a health care provider, local health department, school, community
center, or autism advocacy group to learn about special programs or
loc
al resources.
● Find
 an autism support group. Sharing information and experiences can help
people with autism and their caregivers learn about treatment options and
autism-related programs.
● Kee
p records of your conversations and meetings with health care providers
and teachers. This information helps when it is time to decide which programs
and services are appropriate.
● Kee
p copies of health care reports and evaluations. This information may help
people with autism qualify for special programs.
Where can I learn more about ASD?
For more information about ASD, visit:
● Cen
ters for Disease Control and Prevention
www
.cdc.gov/autism
● Euni
ce Kennedy Shriver National Institute of Child Health and Human
Development
www
.nichd.nih.gov/health/topics/autism
● Int
eragency Autism Coordinating Committee
htt
ps://iacc.hhs.gov
● Nat
ional Institute on Deafness and Other Communication Disorders
www
.nidcd.nih.gov/health/autism-spectrum-disorder-communication-
problems-children
Clinical trials
Clinical trials are research studies that look at ways to prevent, detect, or treat 
diseases and conditions. These studies help show whether a treatment is safe and 
effective in people. Some people join clinical trials to help doctors and researchers 
learn more about a disease and improve health care. Other people, such as those 
with health conditions, join to try treatments that aren’t widely available.
NIMH supports clinical trials across the United States. Talk to a health care 
provider about clinical trials and whether one is right for you. For more 
information, visit www.nimh.nih.gov/clinicaltrials.
For more information
Learn more at www.nimh.nih.gov/health. For information about various  
health topics, visit the National Library of Medicine’s MedlinePlus resource at 
https://medlineplus.gov.
National Institute of Mental Health 
Office of Science Policy, Planning, and Communications 
6001 Executive Boulevard, MSC 9663  
Bethesda, MD 20892-9663 
nimhinfo@nih.gov  
www.nimh.nih.gov/health 
www.nimh.nih.gov/espanol 
Reprints
The information in this publication is in the public domain and may be reused  
or copied without permission. However, you may not reuse or copy images. 
Please cite the National Institute of Mental Health as the source. Read our 
copyright policy to learn more about our guidelines for reusing NIMH content  
at www.nimh.nih.gov/copyright.
U.S. DEPARTMENT OF HEALTH AND HUMAN SERVICES  
National Institutes of Health 
NIH Publication No. 25-MH-8084 
Revised 2025"
depression.pdf,0,"Depression
National Institute
of Mental Health
What is depression?
Everyone feels sad or low sometimes, but these feelings usually pass. Depression (also 
called major depression, major depressive disorder, or clinical depression) is different.  
It can cause severe symptoms that affect how a person feels, thinks, and handles daily 
activities, s uch as sleeping, eating, or
 working. 
Depression can affect anyone regardless of age, sex, race or ethnicity, income, culture, 
or education. Research suggests that genetic, biological, environmental, and 
psychological factors play a role in the disorder.
Women are diagnosed with depression more often than men, but men can also be 
depressed. Because men may be less likely to recognize, talk about, and seek help for 
their negative feelings, they are at greater risk of their depression symptoms being 
undiagnosed and undertreated.
In addition, depression can co-occur with other mental disorders or chronic illnesses, 
such as diabetes, cancer, heart disease, and chronic pain. Depression can make these 
conditions worse and vice versa. Sometimes, medications taken for an illness cause 
side effects that contribute to depression symptoms as well.
What are the different types of depression?
There are two common types of depression.
● Major depression includes symptoms of depressed mood or loss of interest, most of
the time for at least 2 weeks, that interfere with daily activities.
● Persistent depressive disorder (also called dysthymia or dysthymic disorder) consists
of less severe depression symptoms that last much longer, usually for at least 2 years.
Other types of depression include the following.
● Seasonal affective disorder  comes and goes with the seasons, with symptoms
typically starting in the late fall and early winter and going away during the spring and
summer. For more information, visit www.nimh.nih.gov/SAD .
● Depression with symptoms of psychosis  is a severe form of depression in which a
person experiences psychosis symptoms, such as delusions or hallucinations. For
more information, visit www.nimh.nih.gov/psychosis.
● Bipolar disorder involves depressive episodes, as well as manic episodes (or less
severe hypomanic episodes) with unusually elevated mood, greater irritability, or
increased activity level. For more information, visit www.nimh.nih.gov/bipolardisorder.
Ad
ditional types of depression can occur at specific points in a woman’s life. 
Pre
gnancy, the postpartum period, the menstrual cycle, and menopause are 
associated with physical and hormonal changes that can bring on a depressive 
episode in some people.
● Premenstrual dysphoric disorder  is a more severe form of premenstrual
syndrome, or PMS, that occurs in the weeks before menstruation.
● Perinatal depression occurs during pregnancy or after childbirth. It is more than
the “baby blues” many new moms experience after giving birth. For more
information, visit www.nimh.nih.gov/perinataldepression .
● Perimenopausal depression affects some women during the transition to
menopause. Women may experience feelings of intense irritability, anxiety,
sadness, or loss of enjoyment.
What are the signs and symptoms of depression?
Common signs and symptoms of depression include:
● Persistent sad, anxious, or “empty” mood
● Feelings of hopelessness or pessimism
● Feelings of irritability, frustration‚ or restlessness
● Feelings of guilt, worthlessness, or helplessness
● Loss of interest or pleasure in hobbies and activities
● Fatigue, lack of energy, or feeling slowed down
● Difficulty concentrating, remembering, or making decisions
● Difficulty sleeping, waking too early in the morning, or oversleeping
● Changes in appetite or unplanned weight changes
● Physical aches or pains, headaches, cramps, or digestive problems without a clear
physical cause that do not go away with treatment
● Thoughts of death or suicide or suicide attempts
Depression can also involve other changes in mood or behavior that include:
● Increased anger or irritability
● Feeling restless or on edge
● Becoming withdrawn, negative, or detached
● Increased engagement in high-risk activities
● Greater impulsivity
● Increased use of alcohol or drugs
● Isolating from family and friends
● Inability to meet responsibilities or ignoring other important roles
● Problems with sexual desire and performance
Not everyone who is depressed shows all these symptoms. Some people experience only 
a few symptoms, while others experience many. Depression symptoms interfere with 
day-to-day functioning and cause significant distress for the person experiencing them.
If you show signs or symptoms of depression and they persist or do not go away, talk to 
a health care provider. If you see signs of depression in someone you know, encourage 
them to seek help from a mental health professional.
If you or someone you know is struggling or having thoughts of suicide, call or text 
the 988 Suicide and Crisis Lifeline at 988  or chat at 988lifeline.org. In life-
threatening situations, call 911 .
How is depression diagnosed?
To be diagnosed with depression, a person must have symptoms most of the day, 
nearly every day, for at least 2 weeks. One of the symptoms must be a depressed 
mood or a loss of interest or pleasure in most activities. Children and adolescents may 
be irritable rather than sad.
Although several persistent symptoms, in addition to low mood, are required for a depression 
diagnosis, people with only a few symptoms may benefit from treatment. The severity 
and frequency of symptoms and how long they last vary depending on the person.
If you think you may have depression, talk to a health care provider, such as a primary 
care doctor, psychologist, or psychiatrist. During the visit, the provider may ask when 
your symptoms began, how long they have lasted, how often they occur, and if they 
keep you from going out or doing your usual activities. It may help to take some notes 
about your symptoms before the visit. 
Certain medications and medical conditions, such as viruses or thyroid disorders, can 
cause the same symptoms as depression. A provider can rule out these possibilities by 
doing a physical exam, interview, and lab tests.
Does depression look the same in everyone?
Depression can affect people differently depending on their age.
● Children may be anxious or cranky, pretend to be sick, refuse to go to school, cling to
a parent, or worry that a parent may die.
● Older children and teens may get into trouble at school, sulk, be easily frustrated‚
feel restless, or have low self-esteem. They may have other disorders, such as
anxiety, an eating disorder, attention-deficit/hyperactivity disorder, or substance use
disorder. Older children and teens are also more likely to experience excessive
sleepiness (called hypersomnia) and increased appetite (called hyperphagia).
● Young adults are more likely to be irritable, complain of weight gain and hypersomnia,
and have a negative view of life and the future. They often have other disorders, such as
generalized anxiety disorder, social phobia, panic disorder, or substance use disorder.
● Middle-aged adults may have more depressive episodes, decreased libido, middle-
of-the-night insomnia, or early morning waking. They often report stomach problems,
such as diarrhea or constipation.
● Older adults often feel sadness, grief, or other less obvious symptoms. They may
report a lack of emotions rather than a depressed mood. Older adults are also more
likely to have other medical conditions or pain that can cause or contribute to
depression. Memory and thinking problems (called pseudodementia) may be
prominent in severe cases.
Depression can also look different in men versus women, such as the symptoms they 
show and the behaviors they use to cope with them. For instance, men (as well as 
women) may show symptoms other than sadness, instead seeming angry or irritable. 
For some people, symptoms manifest as physical problems (for example, a racing heart, 
tightened chest, chronic headaches, or digestive issues). Many men are more likely to 
see a health care provider about these physical symptoms than their emotional ones. 
While increased use of alcohol or drugs can be a sign of depression in any person, men 
are also more likely to use these substances as a coping strategy.
How is depression treated?
Depression treatment typically involves psychotherapy (in person or virtual), medication, 
or both. If these treatments do not reduce symptoms sufficiently, brain stimulation therapy 
may be another option. 
Choosing the right treatment plan is based on a person’s needs, preferences, and medical 
situation and in consultation with a mental health professional or a health care provider. 
Finding the best treatment may take trial and error. 
For milder forms of depression, psychotherapy is often tried first, with medication added 
later if the therapy alone does not produce a good response. People with moderate or 
severe depression usually are prescribed medication as part of the initial treatment plan.
Psychotherapy
Psychotherapy (also called talk therapy or counseling) can help people with depression 
by teaching them new ways of thinking and behaving and helping them change habits 
that contribute to depression. Psychotherapy occurs under the care of a licensed, trained 
mental health professional in one-on-one sessions or with others in a group setting. 
Psychotherapy can be effective when delivered in person or virtually via telehealth. A 
provider may support or supplement therapy using digital or mobile technology, like apps 
or other tools.
Evidence-based therapies to treat depression include cognitive behavioral therapy and 
interpersonal therapy. Using other forms of psychotherapy, such as psychodynamic 
therapy, for a limited time also may help some people with depression.
●	Cognitive behavioral therapy (CBT): With CBT, people learn to challenge and change 
unhelpful thoughts and behaviors to improve their depressive and anxious feelings. 
Recent advances in CBT include adding mindfulness principles and specializing the 
therapy to target specific symptoms like insomnia.
●	Interpersonal therapy (IPT) : IPT focuses on interpersonal and life events that impact 
mood and vice versa. IPT aims to help people improve their communication skills 
within relationships, form social support networks, and develop realistic expectations 
to better deal with crises or other issues that may be contributing to or worsening 
their depression.
For more information on psychotherapy, including what to look for in a therapist and 
how to find one, visit www.nimh.nih.gov/psychotherapies .
Medication
Antidepressants are medications commonly used to treat depression. They work by 
changing how the brain produces or uses certain chemicals involved in mood or stress. 
Antidepressants take time—usually 4−8 weeks—to work, and problems with sleep, appetite, 
and concentration often improve before mood lifts. Giving a medication a chance to work 
is important before deciding whether it is right for you.
Treatment-resistant depression occurs when a person doesn’t get better after trying at 
least two antidepressants. Esketamine is a medication approved by the U.S. Food and 
Drug Administration (FDA) for treatment-resistant depression. Delivered as a nasal 
spray in a doctor’s office, clinic, or hospital, the medication acts rapidly, typically within 
a couple of hours, to relieve depression symptoms. People will usually continue to take 
an antidepressant pill to maintain the improvement in their symptoms. 
Another option for treatment-resistant depression is to combine an antidepressant with 
a different type of medication that may make it more effective, such as an antipsychotic 
or anticonvulsant medication. 
All medications can have side effects. Talk to a health care provider before starting or 
stopping any medication. For more information, visit www.nimh.nih.gov/medications .
Note: In some cases, children, teenagers, and young adults under 25 years may 
experience an increase in suicidal thoughts or behavior when taking antidepressants, 
especially in the first few weeks after starting or when the dose is changed. The FDA 
advises that patients of all ages taking antidepressants be watched closely, especially 
during the first few weeks of treatment.
Information about medication changes frequently. You can learn more about specific 
medications like esketamine, including the latest approvals, side effects, warnings, and 
patient information, on the FDA website at www.fda.gov/drugsatfda .
Brain stimulation therapy
Brain stimulation therapy is an option when other depression treatments have not worked. 
The therapy involves activating or inhibiting the brain with electricity or magnetic waves.
Although brain stimulation therapy is less frequently used than psychotherapy and 
medication, it can play an important role in treating depression in people who have not 
responded to other treatments. The therapy generally is used only after a person has 
tried psychotherapy and medication, and those treatments usually continue. Brain 
stimulation therapy is sometimes used as an earlier treatment option when severe 
depression has become life-threatening, such as when a person has stopped eating or 
drinking or is at a high risk of suicide.
The FDA has approved several types of brain stimulation therapy. The most used are 
electroconvulsive therapy (ECT) and repetitive transcranial magnetic stimulation (rTMS). 
Other brain stimulation therapies are newer and, in some cases, still considered 
experimental. You can learn more about these therapies at www.nimh.nih.gov/braintherapies.
Natural products 
The FDA has not approved any natural products for treating depression. Although 
research is ongoing and findings are inconsistent, some people report that natural 
products, including vitamin D and the herbal dietary supplement St. John’s wort, helped 
their depression symptoms. However, these products can come with risks, including, in 
some cases, interactions with prescription medications.
Do not use vitamin D, St. John’s wort, or other dietary supplements or natural products 
without first talking to a health care provider. Rigorous studies must test whether these 
and other natural products are safe and effective. 
How can I take care of myself?
Most people with depression benefit from mental health treatment. Once you begin 
treatment, you should gradually start to feel better. Go easy on yourself during this time. 
Try to do things you used to enjoy. Even if you don’t feel like doing them, they can improve 
your mood. 
Other things that may help:
●	Try to get physical activity. Just 30 minutes a day of walking can boost your mood.
●	 Try to maintain a regular bedtime and wake-up time.
●	 Eat regular, healthy meals.
●	 Do what you can as you can. Decide what must get done and what can wait.
●	Connect with people. Talk to people you trust about how you are feeling.
●	 Delay making important life decisions until you feel better. Discuss decisions with 
people who know you well.
●	 Avoid using alcohol, nicotine, or drugs, including medications not prescribed for you.
How can I find help for depression?
The National Institute of Mental Health (NIMH) has information on ways to get help,  
find a health care provider, and access treatment at www.nimh.nih.gov/findhelp .  
You can also find tips to help prepare for and get the most out of your health care  
visit at www.nimh.nih.gov/talkingtips . 
The Substance Abuse and Mental Health Services Administration (SAMHSA) has an 
online tool to find mental health services in your area at https://findtreatment.gov .
How can I help a loved one who is depressed?
If someone you know is depressed, help them see a health care provider or mental health 
professional. You also can:
●	Offer support, understanding, patience, and encouragement.
●	Invite them out for walks, outings, and other activities.
●	Help them stick to their treatment plan, such as setting reminders to take 
prescribed medications.
●	Make sure they have transportation or access to therapy appointments.
●	Remind them that, with time and treatment, their depression can lift.
Clinical trials
Clinical trials are research studies that look at ways to prevent, detect, or treat diseases 
and conditions. These studies help show whether a treatment is safe and effective in 
people. Some people join clinical trials to help doctors and researchers learn more 
about a disease and improve health care. Other people, such as those with health 
conditions, join to try treatments that aren’t widely available.
NIMH supports clinical trials across the United States. Talk to a health care provider 
about clinical trials and whether one is right for you. For more information, visit  
www.nimh.nih.gov/clinicaltrials.
For more information
Learn more at www.nimh.nih.gov/health . For information about various health topics, 
visit the National Library of Medicine’s MedlinePlus resource at https://medlineplus.gov .
Contact us
National Institute of Mental Health  
Office of Science Policy, Planning, and Communications  
6001 Executive Boulevard, MSC 9663 
Bethesda, MD 20892-9663 
Phone: 1-866-615-6464  
Email: nimhinfo@nih.gov  
Website: www.nimh.nih.gov 
En español: www.nimh.nih.gov/espanol
Reprints
The information in this publication is in the public domain and may be reused or copied 
without permission. However, you may not reuse or copy images. Please cite the 
National Institute of Mental Health as the source. Read our copyright policy to learn 
more about our guidelines for reusing NIMH content at www.nimh.nih.gov/copyright .
National Institute
of Mental Health
U.S. DEPARTMENT OF HEALTH AND HUMAN SERVICES  
National Institutes of Health 
NIH Publication No. 24-MH-8079  
Revised 2024"
5-action-steps-help-someone-having-thoughts-suicide.pdf,0,"5
Action Steps to Help Someone 
Having Thoughts of Suicide
We can all take steps to help prevent suicide. Knowing the warning signs 
for suicide and how to get help can save lives.
Here are 5 steps you can take to #BeThe1To help someone who is having 
thoughts of suicide:
1. ASK:
“Are you thinking about suicide?” It’s not an easy question to ask, but it can help 
start a conversation. Studies show that asking people if they are suicidal does not 
increase suicidal behavior or thoughts.
2. BE THERE: 
Listening without judgment is key to learning what the person is thinking and 
feeling. Research suggests acknowledging and talking about suicide may reduce 
suicidal thoughts.
3. HELP KEEP THEM SAFE: 
Reducing access to highly lethal items or places can help prevent suicide. Asking 
the person if they have a plan and making lethal means less available or less 
deadly can help the person stay safe when suicidal thoughts arise.
4. HELP THEM CONNECT:
Connecting the person with the 988 Suicide & Crisis Lifeline (call or text 988) and 
other community resources can give them a safety net when they need it. You can 
also help them reach out to a trusted family member, friend, spiritual advisor, or 
mental health professional.
5. FOLLOW UP: 
Staying in touch with the person after they have experienced a crisis or been 
discharged from care can make a difference. Studies show that supportive, 
ongoing contact can play an important role in suicide prevention.
For more information on suicide prevention:
www.nimh.nih.gov/suicideprevention
www.bethe1to.com
NIMH Identifier No. OM 24-4315 
Revised 2024"
